<document>
  <pagesettings>
    <page kind="A4" width="790" height="1169" />
    <margins left="100" top="51" right="50" bottom="51" />
    <landscape value="False" />
  </pagesettings>
  <header>
    <p align="2">
      <span fontname="宋体" fontsize="16" fontbold="1">斯普德演示医院</span>
      <eof />
    </p>
    <p align="2">
      <span fontname="宋体" fontsize="16" fontbold="1">机械通气知情同意书</span>
      <eof />
    </p>
    <p align="0">
      <span fontname="宋体" fontsize="10.5">姓名：</span>
      <macro fontname="宋体" fontsize="10.5" type="macro" name="姓名">路书林</macro>
      <span fontname="宋体" fontsize="10.5">    性别：</span>
      <macro fontname="宋体" fontsize="10.5" type="macro" name="性别">男</macro>
      <span fontname="宋体" fontsize="10.5">    年龄：</span>
      <macro fontname="宋体" fontsize="10.5" type="macro" name="年龄">30岁</macro>
      <span fontname="宋体" fontsize="10.5">    科别：</span>
      <macro fontname="宋体" fontsize="10.5" type="macro" name="科室">消化内分泌科</macro>
      <span fontname="宋体" fontsize="10.5">    床号：</span>
      <macro fontname="宋体" fontsize="10.5" type="macro" name="床号">63</macro>
      <span fontname="宋体" fontsize="10.5">    病案号：</span>
      <macro fontname="宋体" fontsize="10.5" type="macro" name="住院号">006942</macro>
      <eof />
    </p>
    <p align="0">
      <horizontalLine type="horizontalLine" name="水平线" lineHeight="2" percent="100" />
      <eof />
    </p>
  </header>
  <footer>
    <p>
      <eof />
    </p>
    <p align="2">
      <span fontsize="10.5">第[%pageindex%]页</span>
      <eof />
    </p>
  </footer>
  <underwritemarks />
  <savelogs>
    <savelog name="" time="2023-02-15 09:14:51" level="0" />
    <savelog name="" time="2023-02-15 09:16:52" level="0" />
  </savelogs>
  <docsetting documentmodel="Edit" linespacing="27" title="" id="" modifytime="20230215091652" version="1.0" modifier="1" patientid="006942_1" />
  <body>
    <table align="1" title="" fixwidth="1" width="1902" hidden-all-border="0">
      <table-column columns-number="1">
        <column-width width="1902" />
      </table-column>
      <table-row>
        <table-cell caninsertenter="True" line-style="0" colspan="1" rowspan="1" halign="-1" valign="-1" border-width-top="1" border-width-right="1" border-width-bottom="0" border-width-left="1" width="1902" height="240" contentwidth="1862" contentheight="210" padding-top="20" padding-right="20" padding-bottom="10" padding-left="20" key1="" key2="" key3="">
          <p>
            <span fontname="宋体" fontsize="10.5">     病情介绍和治疗建议：</span>
            <br />
            <span fontname="宋体" fontsize="10.5">    该患者临床诊断为                          ，需要机械通气治疗。机械通气的目的：改善呼吸功能，维持生命体征，为解除诱发加重因素争取治疗时间.</span>
            <eof />
          </p>
        </table-cell>
      </table-row>
      <table-row>
        <table-cell caninsertenter="True" line-style="0" colspan="1" rowspan="1" halign="-1" valign="-1" border-width-top="1" border-width-right="1" border-width-bottom="0" border-width-left="1" width="1902" height="1603" contentwidth="1862" contentheight="1573" padding-top="20" padding-right="20" padding-bottom="10" padding-left="20" key1="" key2="" key3="">
          <p>
            <span fontname="宋体" fontsize="10.5">    该操作是一种有效的治疗手段，一般来说是安全的，但由于该操作具有创伤性和风险性，患者个体差异及某些不可预料的因素，使用过程中可能会发生意外和并发症，严重者甚至会导致死亡，为此特别郑重向患者或者委托代理人交待治疗中治疗后可能发生的意外情况及并发症，包括但不限于：</span>
            <br />
            <span fontname="宋体" fontsize="10.5">    1、任何操作都存在风险，严重时可能危及生命。</span>
            <br />
            <span fontname="宋体" fontsize="10.5">    2、病人需要约束治疗：治疗过程中需要使用镇静药物。任何所用药物都可能产生副作用，包括轻度的恶心、皮疹等症状到严重的过敏性休克，甚至危及生命。</span>
            <br />
            <span fontname="宋体" fontsize="10.5">    3、呼吸机相关性肺损伤。呼吸机相关性肺炎；</span>
            <br />
            <span fontname="宋体" fontsize="10.5">    4、患者不能脱离呼吸机，呼吸机依赖；</span>
            <eof />
          </p>
          <p>
            <span fontname="宋体" fontsize="10.5">    </span>
            <span fontsize="10.5">5、血流动力学不稳定，血压下降，心律失常等循环功能障碍，以及肝功能衰竭、肾功能衰竭、消化道出血等多器官功能衰竭；</span>
            <br />
            <span fontsize="10.5">    6、患者与呼吸机不同步，致呼吸困难，呼吸功能衰竭继续加重； </span>
            <br />
            <span fontsize="10.5">    7、皮下气肿、纵膈气肿和气胸等，并需要进行胸腔闭式引流术；氧中毒；</span>
            <br />
            <span fontsize="10.5">    8、气管食管瘘；</span>
            <br />
            <span fontsize="10.5">    9、其他难以预料的意外情况。</span>
            <br />
            <span fontsize="10.5">    针对该患者可能出现的特殊风险或主要高危因素：</span>
            <br />
            <span fontsize="10.5">    </span>
            <eof />
          </p>
          <p>
            <span fontsize="10.5">    </span>
            <span fontsize="10.5" fontbold="1">特别提示</span>
            <span fontsize="10.5">：该手写的内容，是针对每一个不同患者所做的特别告知，对于上述并发症的发生，医生将会按照医学治疗原则进行常规预防，但可能难以完全避免，若发生上述风险及意外情况，医生会采取积极的救治措施。</span>
            <eof />
          </p>
        </table-cell>
      </table-row>
      <table-row>
        <table-cell caninsertenter="True" line-style="0" colspan="1" rowspan="1" halign="-1" valign="-1" border-width-top="1" border-width-right="1" border-width-bottom="0" border-width-left="1" width="1902" height="649" contentwidth="1862" contentheight="619" padding-top="20" padding-right="20" padding-bottom="10" padding-left="20" key1="" key2="" key3="">
          <p>
            <span fontsize="10.5">    </span>
            <span fontname="宋体" fontsize="10.5">患者知情选择</span>
            <br />
            <span fontname="宋体" fontsize="10.5">    ★ 我的医生已经告知我将要进行的操作方式、此次操作及操作可能发生的并发症和风险、可能存在的其它治疗方法并且解答了我关于此次操作的相关问题。</span>
            <br />
            <span fontname="宋体" fontsize="10.5">    ★ 我同意在操作中医生可以根据我的病情对预定的操作做出调整。</span>
            <br />
            <span fontname="宋体" fontsize="10.5">    ★ 我并未得到手术百分之百成功的许诺，我自愿同意实施。</span>
            <br />
            <span fontname="宋体" fontsize="10.5">    ★ 如果我患有高血压、心脏病、糖尿病、肝肾功能不全、静脉血栓等疾病或者有吸烟史，以上这些风险可能会加大。</span>
            <br />
            <span fontname="宋体" fontsize="10.5">    ★ 我理解术后如果我不遵医嘱，可能影响手术效果。</span>
            <eof />
          </p>
        </table-cell>
      </table-row>
      <table-row>
        <table-cell caninsertenter="True" line-style="0" colspan="1" rowspan="1" halign="-1" valign="-1" border-width-top="1" border-width-right="1" border-width-bottom="0" border-width-left="1" width="1902" height="734" contentwidth="1862" contentheight="704" padding-top="20" padding-right="20" padding-bottom="10" padding-left="20" key1="" key2="" key3="">
          <p>
            <span fontname="宋体" fontsize="10.5">    医生将各种检查治疗方案及各种风险详细向我进行了告知，我已经充分了解病情及医疗风险，经过慎重考虑，我志愿选择此项操作，并有充分的思想准备承担可能面临的风险及由此增加的医疗费用。特此签字为证：</span>
            <br />
            <span fontname="宋体" fontsize="10.5">    </span>
            <span fontname="宋体" fontsize="10.5" fontbold="1">患者或授权（法定）代理人意见：</span>
            <br />
            <span fontname="宋体" fontsize="10.5">    1、理解上述内容及风险                              2、同意手术治疗</span>
            <br />
            <span fontname="宋体" fontsize="10.5">    患者或授权（法定）代理人签字：                     代理人与患者关系：</span>
            <br />
            <span fontname="宋体" fontsize="10.5">    授权（法定）代理人通信地址：                       联系电话：</span>
            <br />
            <span fontname="宋体" fontsize="10.5">    授权（法定）代理人工作单位：                        年        月      日</span>
            <eof />
          </p>
          <p align="0">
            <eof />
          </p>
        </table-cell>
      </table-row>
      <table-row>
        <table-cell caninsertenter="True" line-style="0" colspan="1" rowspan="1" halign="-1" valign="-1" border-width-top="1" border-width-right="1" border-width-bottom="1" border-width-left="1" width="1902" height="400" contentwidth="1862" contentheight="370" padding-top="20" padding-right="20" padding-bottom="10" padding-left="20" key1="" key2="" key3="">
          <p>
            <span fontname="宋体" fontsize="10.5">    </span>
            <span fontname="宋体" fontsize="10.5" fontbold="1">医生陈述：</span>
            <br />
            <span fontname="宋体" fontsize="10.5">    我已经告知患者或授权（法定）代理人将要进行的手术方式、此处手术及术后可能发生的并发症和风险、可能存在的其他治疗方法并解答了患者关于此次手术的相关问题。</span>
            <eof />
          </p>
          <p>
            <br />
            <span fontname="宋体" fontsize="10.5">    告知医师签名：                                      年       月      日</span>
            <eof />
          </p>
        </table-cell>
      </table-row>
    </table>
    <p>
      <eof />
    </p>
  </body>
</document>