<document>
  <pagesettings>
    <page kind="A4" width="790" height="1169" />
    <margins left="100" top="51" right="50" bottom="51" />
    <landscape value="False" />
  </pagesettings>
  <header>
    <p align="2">
      <span fontname="宋体" fontsize="16" fontbold="1">斯普德演示医院</span>
      <eof />
    </p>
    <p align="2">
      <span fontname="宋体" fontsize="16" fontbold="1">术前小结</span>
      <eof />
    </p>
    <p align="0">
      <span fontname="宋体" fontsize="10.5">姓名：</span>
      <macro fontname="宋体" fontsize="10.5" type="macro" name="姓名">刘学峰</macro>
      <span fontname="宋体" fontsize="10.5">    性别：</span>
      <macro fontname="宋体" fontsize="10.5" type="macro" name="性别">男</macro>
      <span fontname="宋体" fontsize="10.5">    年龄：</span>
      <macro fontname="宋体" fontsize="10.5" type="macro" name="年龄">
      </macro>
      <span fontname="宋体" fontsize="10.5">    科别：</span>
      <macro fontname="宋体" fontsize="10.5" type="macro" name="科室">消化内分泌科</macro>
      <span fontname="宋体" fontsize="10.5">    床号：</span>
      <macro fontname="宋体" fontsize="10.5" type="macro" name="床号">47</macro>
      <span fontname="宋体" fontsize="10.5">    病案号：</span>
      <macro fontname="宋体" fontsize="10.5" type="macro" name="住院号">006766</macro>
      <eof />
    </p>
    <p align="0">
      <horizontalLine type="horizontalLine" name="水平线" lineHeight="2" percent="100" />
      <eof />
    </p>
  </header>
  <footer>
    <p>
      <horizontalLine lineHeight="1">
      </horizontalLine>
    </p>
    <p align="2">
      <span fontname="宋体" fontsize="10">第[%pageindex%]页 / 共[%pagecount%]页</span>
    </p>
  </footer>
  <underwritemarks />
  <savelogs>
    <savelog name="" time="2022-11-24 23:40:08" level="0" />
    <savelog name="" time="2022-11-25 19:19:46" level="0" />
    <savelog name="王辉" time="2023-02-15 08:37:10" level="2" />
  </savelogs>
  <docsetting documentmodel="Edit" linespacing="27" title="" id="" modifytime="20230215083710" version="1.0" modifier="2" patientid="006766_1" />
  <body>
    <p>
      <span fontname="宋体" fontsize="12">简要病情：患者周义圃，男性，62岁，出生于河北省滦南县，现住河北省滦南县。主因阵发性胸闷、心悸2年，于2016-06-24 10:04入院。查体：BP:110/80mmHg神清语利，精神尚可，步入病房，自主体位，查体合作。口唇无发绀，伸舌居中。无颈静脉怒张。两肺呼吸音清，未闻及干湿性啰音。心音低钝，心率68次/分，律齐，未闻及病理性杂音。腹软，无压痛、反跳痛及肌紧张，叩鼓音，肠鸣音正常存在。双下肢无指凹性水肿，四肢肌力、肌张力大致正常，双侧巴氏征阴性。辅助检查：心电图：窦性心律，完全性右束支传导阻滞。</span>
      <br />
      <span fontname="宋体" fontsize="12">术者查看患者相关情况：患者仍间断胸闷、气短、胸痛，活动后明显。查体：BP：110/80mmHg神清语利，精神尚可，口唇无发绀，伸舌居中。无颈静脉怒张。两肺呼吸音清，未闻及干湿性啰音。心音低钝，心率68次/分，律齐，未闻及病理性杂音。腹软，无压痛、反跳痛及肌紧张，叩鼓音，肠鸣音正常存在。双下肢无指凹性水肿，四肢肌力、肌张力大致正常，双侧巴氏征阴性。</span>
      <br />
      <span fontname="宋体" fontsize="12">    术前诊断：</span>
      <br />
      <eof />
    </p>
    <p>
      <span fontname="宋体" fontsize="12">手术指征：</span>
      <eof />
    </p>
    <p>
      <span fontname="宋体" fontsize="12">          1.目前诊断：</span>
      <replace fontname="宋体" fontsize="12" type="replace" name="初步诊断">字典</replace>
      <span fontname="宋体" fontsize="12"> </span>
      <br />
      <span fontname="宋体" fontsize="12">          2.无手术禁忌症</span>
      <br />
      <span fontname="宋体" fontsize="12">拟实施手术名称和方式：经桡动脉或股动脉冠状动脉造影+PTCA+支架植入术</span>
      <br />
      <span fontname="宋体" fontsize="12">    术前准备：1.完善术前相关检查，如血、尿、便常规，血生化全项（肝肾功能、血糖、电解质），凝血系列，乙肝五项，丙肝抗体，梅毒及艾滋病抗体，心电图，胸片，超声心动图等。2.术前备皮、碘过敏试验。3.术前酌情给予苯海拉明20mg，安定10mg肌注。4.术前拜阿司匹林300mg嚼服、波立维300mg口服。5.检查桡动脉搏动并做艾伦试验、股动脉及足背动脉搏动等。6.对患者及家属进行谈话，介绍病情和PCI的必要性及风险性，签署手术同意书。</span>
      <br />
      <span fontname="宋体" fontsize="12">    拟麻醉方式：局麻</span>
      <br />
      <span fontname="宋体" fontsize="12">    注意事项：1出血（包括动脉或静脉大出血）；腹膜后出血；内脏出血；2感染（局部或全身）；3碘过敏反应（包括过敏性休克）；4.心律失常（包括重度房室传导阻滞、室性心动过速、心室颤动、心脏骤停）；5.血管发育异常需要更换穿刺部位；6血管病变严重、意外断电、机械故障致手术中断失败；体内导管导丝打结、断裂；7.心脏瓣膜撕裂，心包填塞、心肌穿孔、血管夹层破裂、冠脉破裂、猝死；8急性心肌梗死，肺栓塞，心力衰竭，肾功能衰竭，肝功能衰竭，脑组织，迷走反射，休克，抢救过程倒置骨折、烫伤，血气胸，神经损伤；9动静脉内急性、亚急性血栓形成；晚期血栓形成；11冠脉内支架植入术仅为血流重建术，并非根治术，部分病人术后可能还会有心绞痛心肌梗死等情况发生。12上述情况倒置的其他脏器受损；肢体残疾甚至死亡；术后原疾病复发；熟手用药诱发血液系统疾病，肝肾功能损伤，肌痛肌溶解等。</span>
      <br />
      <span fontname="宋体" fontsize="12">    如果出现上述情况，我们将积极救治，除对症处理外，可能需要直流电复律，新报穿刺及引流，安装临时或永久起搏器，使用主动脉气囊反搏、紧急溶栓、以及外科手术治疗。</span>
      <br />
      <span fontname="宋体" fontsize="12">    上级医师签字：                             医师签字：</span>
      <eof />
    </p>
    <p align="1">
      <span fontname="宋体" fontsize="12">年   月   日   时   分</span>
      <eof />
    </p>
  </body>
</document>