<document>
  <pagesettings>
    <page kind="A4" width="790" height="1169" />
    <margins left="100" top="51" right="50" bottom="51" />
    <landscape value="False" />
  </pagesettings>
  <header>
    <p align="2">
      <span fontname="宋体" fontsize="16" fontbold="1">斯普德演示医院</span>
      <eof />
    </p>
    <p align="2">
      <span fontname="宋体" fontsize="16" fontbold="1">冠心病急性心肌梗死溶栓知情同意书</span>
      <eof />
    </p>
    <p align="0">
      <span fontname="宋体" fontsize="10.5">姓名：</span>
      <macro fontname="宋体" fontsize="10.5" type="macro" name="姓名">胡芝清</macro>
      <span fontname="宋体" fontsize="10.5">    性别：</span>
      <macro fontname="宋体" fontsize="10.5" type="macro" name="性别">男</macro>
      <span fontname="宋体" fontsize="10.5">    年龄：</span>
      <macro fontname="宋体" fontsize="10.5" type="macro" name="年龄">35岁</macro>
      <span fontname="宋体" fontsize="10.5">    科别：</span>
      <macro fontname="宋体" fontsize="10.5" type="macro" name="科室">消化内分泌科</macro>
      <span fontname="宋体" fontsize="10.5">    床号：</span>
      <macro fontname="宋体" fontsize="10.5" type="macro" name="床号">62</macro>
      <span fontname="宋体" fontsize="10.5">    病案号：</span>
      <macro fontname="宋体" fontsize="10.5" type="macro" name="住院号">006940</macro>
      <eof />
    </p>
    <p align="0">
      <horizontalLine type="horizontalLine" name="水平线" lineHeight="2" percent="100" />
      <eof />
    </p>
  </header>
  <footer>
    <p>
      <horizontalLine lineHeight="1">
      </horizontalLine>
    </p>
    <p align="2">
      <span fontname="宋体" fontsize="10">第[%pageindex%]页 / 共[%pagecount%]页</span>
    </p>
  </footer>
  <underwritemarks />
  <savelogs>
    <savelog name="" time="2022-11-25 18:45:23" level="0" />
    <savelog name="王辉" time="2023-02-15 08:16:39" level="2" />
  </savelogs>
  <docsetting documentmodel="Edit" linespacing="27" title="" id="" modifytime="20230215081639" version="1.0" modifier="1" patientid="006940_1" />
  <body>
    <table align="1" title="" fixwidth="1" width="1902" hidden-all-border="0">
      <table-column columns-number="1">
        <column-width width="1902" />
      </table-column>
      <table-row>
        <table-cell caninsertenter="True" line-style="0" colspan="1" rowspan="1" halign="-1" valign="-1" border-width-top="1" border-width-right="1" border-width-bottom="0" border-width-left="1" width="1902" height="637" contentwidth="1862" contentheight="607" padding-top="20" padding-right="20" padding-bottom="10" padding-left="20" key1="" key2="" key3="">
          <p>
            <span fontname="宋体" fontsize="10.5">    疾病介绍和治疗建议：</span>
            <br />
            <span fontname="宋体" fontsize="10.5">    患者目前临床诊断为                                                    ，需要在             麻醉下进行</span>
            <br />
            <span fontname="宋体" fontsize="10.5">□静脉溶栓                    □冠脉内溶栓                  □其他</span>
            <br />
            <span fontname="宋体" fontsize="10.5">    溶栓治疗是急性心肌梗死再灌注治疗的重要方法之一。一系列大规模随机双盲临床试验结果表明，急性心肌梗死溶栓治疗与安慰剂对比可明显降低病死率。溶栓治疗受益的机制包括挽救心肌和对梗死后心肌重塑的有利作用。但溶栓治疗的同时可能出现再灌注心律失常、出血等并发症，甚至更为严重的并发症。</span>
            <eof />
          </p>
        </table-cell>
      </table-row>
      <table-row>
        <table-cell caninsertenter="True" line-style="0" colspan="1" rowspan="1" halign="-1" valign="-1" border-width-top="1" border-width-right="1" border-width-bottom="0" border-width-left="1" width="1902" height="1202" contentwidth="1862" contentheight="1172" padding-top="20" padding-right="20" padding-bottom="10" padding-left="20" key1="" key2="" key3="">
          <p>
            <span fontname="宋体" fontsize="10.5">    根据患者病情需实施该项检查治疗，，但此操作存在一定的风险和可能出现手术并发症及其他无法预料的意外情况，为此特别郑重向患者或者委托代理人交待术中或术后可能发生的意外情况及并发症，包括但不限于：</span>
            <br />
            <span fontname="宋体" fontsize="10.5">    1、出血：皮肤、消化道、呼吸道、颅内等部位的出血，导致贫血、休克、昏迷等，甚至危及生命。</span>
            <br />
            <span fontname="宋体" fontsize="10.5">    2、再灌注心律失常：频发室早、多源室早、短阵室速、持续失速、室颤、高度房室阻滞等导致心跳骤停，甚至危及生命。</span>
            <br />
            <span fontname="宋体" fontsize="10.5">    3、药物过敏反应，严重者可致过敏性休克，危及生命。</span>
            <br />
            <span fontname="宋体" fontsize="10.5">    4、治疗无效。</span>
            <br />
            <span fontname="宋体" fontsize="10.5">    5、其它难以预料的意外情况。</span>
            <br />
            <span fontname="宋体" fontsize="10.5">    针对该患者可能出现的特殊风险或主要高危因素：</span>
            <eof />
          </p>
          <p align="0">
            <eof />
          </p>
          <p>
            <span fontname="宋体" fontsize="10.5">   </span>
            <span fontname="宋体" fontsize="10.5" fontbold="1"> 特别提示：</span>
            <span fontname="宋体" fontsize="10.5">该手写的内容，是针对每一个不同患者所做的特别告知，对于上述并发症的发生，医生将会按照医学治疗原则进行常规预防，但可能难以完全避免，若发生上述风险及意外情况，医生会采取积极的救治措施。</span>
            <eof />
          </p>
        </table-cell>
      </table-row>
      <table-row>
        <table-cell caninsertenter="True" line-style="0" colspan="1" rowspan="1" halign="-1" valign="-1" border-width-top="1" border-width-right="1" border-width-bottom="0" border-width-left="1" width="1902" height="572" contentwidth="1862" contentheight="542" padding-top="20" padding-right="20" padding-bottom="10" padding-left="20" key1="" key2="" key3="">
          <p>
            <span fontname="宋体" fontsize="10.5">    患者知情选择</span>
            <br />
            <span fontname="宋体" fontsize="10.5">    ★ 我的医生已经告知我将要进行的手术方式、此次手术及术后可能发生的并发症和风险、可能存在的其它治疗方法并且解答了我关于此次治疗的相关问题。</span>
            <br />
            <span fontname="宋体" fontsize="10.5">    ★ 我同意在治疗中医生可以根据我的病情对预定的治疗方案做出调整。</span>
            <br />
            <span fontname="宋体" fontsize="10.5">    ★ 我并未得到手术百分之百成功的许诺。 </span>
            <br />
            <span fontname="宋体" fontsize="10.5">    ★ 我理解我的手术需要多位医生共同进行。</span>
            <br />
            <span fontname="宋体" fontsize="10.5">    ★ 我理解术后如果我不遵医嘱，可能影响手术效果。</span>
            <eof />
          </p>
        </table-cell>
      </table-row>
      <table-row>
        <table-cell caninsertenter="True" line-style="0" colspan="1" rowspan="1" halign="-1" valign="-1" border-width-top="1" border-width-right="1" border-width-bottom="0" border-width-left="1" width="1902" height="649" contentwidth="1862" contentheight="619" padding-top="20" padding-right="20" padding-bottom="10" padding-left="20" key1="" key2="" key3="">
          <p>
            <span fontname="宋体" fontsize="10.5">    医生将各种治疗方案及各种风险详细向我进行了告知，我已经充分了解病情及医疗风险，经过慎重考虑，我志愿选择此项手术，并有充分的思想准备承担可能面临的风险及由此增加的医疗费用。特此签字为证：</span>
            <br />
            <span fontname="宋体" fontsize="10.5">    患者或授权（法定）代理人意见：</span>
            <br />
            <span fontname="宋体" fontsize="10.5">    1、理解上述内容及风险                               2、同意手术治疗</span>
            <br />
            <span fontname="宋体" fontsize="10.5">    患者或授权（法定）代理人签字：                      代理人与患者关系：</span>
            <br />
            <span fontname="宋体" fontsize="10.5">    授权（法定）代理人通信地址：                        联系电话：</span>
            <br />
            <span fontname="宋体" fontsize="10.5">    授权（法定）代理人工作单位：                        年    月    日</span>
            <eof />
          </p>
        </table-cell>
      </table-row>
      <table-row>
        <table-cell caninsertenter="True" line-style="0" colspan="1" rowspan="1" halign="-1" valign="-1" border-width-top="1" border-width-right="1" border-width-bottom="1" border-width-left="1" width="1902" height="323" contentwidth="1862" contentheight="293" padding-top="20" padding-right="20" padding-bottom="10" padding-left="20" key1="" key2="" key3="">
          <p>
            <span fontname="宋体" fontsize="10.5">    </span>
            <span fontname="宋体" fontsize="10.5" fontbold="1">医生陈述：</span>
            <br />
            <span fontname="宋体" fontsize="10.5">    我已经告知患者或授权（法定）代理人将要进行的手术方式、此处手术及术后可能发生的并发症和风险、可能存在的其他治疗方法并解答了患者关于此次手术的相关问题。</span>
            <br />
            <span fontname="宋体" fontsize="10.5">    告知医师签名：                                      年     月    日</span>
            <eof />
          </p>
        </table-cell>
      </table-row>
    </table>
    <p>
      <eof />
    </p>
  </body>
</document>