<document>
  <pagesettings>
    <page kind="A4" width="790" height="1169" />
    <margins left="100" top="51" right="50" bottom="51" />
    <landscape value="False" />
  </pagesettings>
  <header>
    <p align="2">
      <span fontname="宋体" fontsize="16" fontbold="1">斯普德演示医院</span>
      <eof />
    </p>
    <p align="2">
      <span fontname="宋体" fontsize="16" fontbold="1">医患谈话记录</span>
      <eof />
    </p>
    <p align="0">
      <span fontname="宋体" fontsize="10.5">姓名：</span>
      <macro fontname="宋体" fontsize="10.5" type="macro" name="姓名">于连荣</macro>
      <span fontname="宋体" fontsize="10.5">    性别：</span>
      <macro fontname="宋体" fontsize="10.5" type="macro" name="性别">女</macro>
      <span fontname="宋体" fontsize="10.5">    年龄：</span>
      <macro fontname="宋体" fontsize="10.5" type="macro" name="年龄">60岁</macro>
      <span fontname="宋体" fontsize="10.5">    科别：</span>
      <macro fontname="宋体" fontsize="10.5" type="macro" name="科室">消化内分泌科</macro>
      <span fontname="宋体" fontsize="10.5">    床号：</span>
      <macro fontname="宋体" fontsize="10.5" type="macro" name="床号">60</macro>
      <span fontname="宋体" fontsize="10.5">    病案号：</span>
      <macro fontname="宋体" fontsize="10.5" type="macro" name="住院号">006826</macro>
      <eof />
    </p>
    <p align="0">
      <horizontalLine type="horizontalLine" name="水平线" lineHeight="2" percent="100" />
      <eof />
    </p>
  </header>
  <footer>
    <p>
      <horizontalLine lineHeight="1">
      </horizontalLine>
    </p>
    <p align="2">
      <span fontname="宋体" fontsize="10">第[%pageindex%]页 / 共[%pagecount%]页</span>
    </p>
  </footer>
  <underwritemarks />
  <savelogs>
    <savelog name="" time="2022-11-17 13:49:24" level="0" />
    <savelog name="王辉" time="2023-02-15 08:50:21" level="2" />
  </savelogs>
  <docsetting documentmodel="Edit" linespacing="27" title="" id="" modifytime="20230215085021" version="1.0" modifier="1" patientid="006826_1" />
  <body>
    <p>
      <span fontname="宋体" fontsize="10.5">主管医师签名：</span>
      <macro fontname="宋体" fontsize="10.5" type="macro" name="主治医师">
      </macro>
      <span fontname="宋体" fontsize="10.5">                            主管护士（师）签名：</span>
      <eof />
    </p>
    <p align="0">
      <eof />
    </p>
    <p align="0">
      <span fontname="宋体" fontsize="10.5">谈话内容：</span>
      <eof />
    </p>
    <p align="0">
      <span fontname="宋体" fontsize="10.5">1、目前诊断：</span>
      <lookupeditor fontname="宋体" fontsize="10.5" type="lookupeditor" name="字典" codevalue="" wordbook="" multi="False">字典</lookupeditor>
      <eof />
    </p>
    <p align="0">
      <eof />
    </p>
    <p align="0">
      <span fontname="宋体" fontsize="10.5">2、诊断依据：</span>
      <span fontname="宋体" fontsize="12">依据患者：</span>
      <span type="fixedtext" name="一　病例特点：" level="二级" print="True" fontsize="12">1</span>
      <span fontsize="12">.患者为</span>
      <selement fontsize="12" mustclick="False" code="" type="singleelement" name="年纪" text="年纪">
        <item selected="false" code="" group="">老年</item>
        <item selected="false" code="" group="">中年</item>
        <item selected="false" code="" group="">青年</item>
        <item selected="false" code="" group="">少年</item>
      </selement>
      <macro fontsize="12" mustclick="False" code="" type="macro" name="性别" text="老年">女</macro>
      <span fontsize="12" mustclick="False" code="" type="macro" name="性别" text="老年">性，</span>
      <span type="macro" name="年龄" fontsize="12">主</span>
      <span fontsize="12" fontname="宋体">因</span>
      <roelement fontsize="12" fontname="宋体" type="fixedtext" name="主诉" level="二级" print="False">主诉</roelement>
      <flag type="flag" name="定位符" code="" candelete="False" direction="Right" isholdspacewhenprint="False" />
      <flag type="flag" name="定位符" code="" candelete="False" direction="Left" isholdspacewhenprint="False" />
      <span>入院。</span>
      <span fontsize="12" mustclick="False" code="" type="macro" name="性别" text="老年">2.</span>
      <roelement fontsize="12" mustclick="False" code="" type="fixedtext" name="查体：" text="老年" level="" print="True">查体：</roelement>
      <span fontsize="12" type="fixedtext" name="标签" level="" print="True">T</span>
      <fnumelement fontsize="12" type="formatnumber" name="体温" level="" print="True" mustclick="False" code="" maxvalue="45" minvalue="33" length="3" decimalDigits="0" value="36.5">36.5</fnumelement>
      <text fontsize="12" type="text" name="℃" level="" print="True">℃</text>
      <span fontsize="12" type="fixedtext" name="标签" level="" print="True">； P：</span>
      <fnumelement fontsize="12" type="formatnumber" name="脉搏" level="" print="True" mustclick="False" code="" maxvalue="9999" minvalue="0" length="4" decimalDigits="0" value="80">80</fnumelement>
      <span fontsize="12" type="fixedtext" name="标签" level="" print="True">次/分； R：</span>
      <fnumelement fontsize="12" type="formatnumber" name="呼吸" level="" print="True" mustclick="False" code="" maxvalue="9999" minvalue="0" length="4" decimalDigits="0" value="30">30</fnumelement>
      <span fontsize="12" type="fixedtext" name="标签" level="" print="True">次/分； Bp：</span>
      <fnumelement fontsize="12" type="formatnumber" name="最高" level="" print="True" mustclick="False" code="" maxvalue="9999" minvalue="0" length="4" decimalDigits="0" value="120">120</fnumelement>
      <span fontsize="12" type="fixedtext" name="标签" level="" print="True">/</span>
      <fnumelement fontsize="12" type="formatnumber" name="最低" level="" print="True" mustclick="False" code="" maxvalue="9999" minvalue="0" length="4" decimalDigits="0" value="80">80</fnumelement>
      <text fontsize="12" type="text" name="mmHg" level="" print="True">mmHg</text>
      <span fontsize="12" type="fixedtext" name="标签" level="" print="True">。</span>
      <span mustclick="False" type="formatnumber" name="收缩压" maxvalue="9999" minvalue="0" length="4" decimalDigits="0" value="0" fontsize="12">神志</span>
      <selement mustclick="False" type="singleelement" name="意识" maxvalue="9999" minvalue="0" length="4" decimalDigits="0" value="0" text="清楚" fontsize="12" code="">
        <item selected="true" code="" group="">清楚</item>
        <item selected="false" code="" group="">嗜睡</item>
        <item selected="false" code="" group="">模糊</item>
        <item selected="false" code="" group="">昏睡</item>
        <item selected="false" code="" group="">谵妄</item>
        <item selected="false" code="" group="">浅昏迷</item>
        <item selected="false" code="" group="">深昏迷</item>
      </selement>
      <span mustclick="False" type="singleelement" name="意识" maxvalue="9999" minvalue="0" length="4" decimalDigits="0" value="0" text="清楚" fontsize="12" code="">，言语</span>
      <selement mustclick="False" type="singleelement" name="言语" maxvalue="9999" minvalue="0" length="4" decimalDigits="0" value="0" text="流利" fontsize="12" code="">
        <item selected="true" code="" group="">流利</item>
        <item selected="false" code="" group="">蹇涩</item>
        <item selected="false" code="" group="">欠流利</item>
      </selement>
      <span mustclick="False" type="singleelement" name="意识" maxvalue="9999" minvalue="0" length="4" decimalDigits="0" value="0" text="清楚" fontsize="12" code="">，精神</span>
      <selement mustclick="False" type="singleelement" name="精神" maxvalue="9999" minvalue="0" length="4" decimalDigits="0" value="0" text="可" fontsize="12" code="">
        <item selected="false" code="" group="">好</item>
        <item selected="true" code="" group="">可</item>
        <item selected="false" code="" group="">差</item>
      </selement>
      <span mustclick="False" type="singleelement" name="精神" maxvalue="9999" minvalue="0" length="4" decimalDigits="0" value="0" text="可" fontsize="12" code="">。</span>
      <span mustclick="False" type="formatnumber" name="收缩压" maxvalue="9999" minvalue="0" length="4" decimalDigits="0" value="0" fontsize="12">双侧瞳孔</span>
      <selement mustclick="False" type="singleelement" name="瞳孔" maxvalue="9999" minvalue="0" length="4" decimalDigits="0" value="0" text="正大等圆" fontsize="12" code="">
        <item selected="true" code="" group="">正大等圆</item>
        <item selected="false" code="" group="">不等</item>
      </selement>
      <span mustclick="False" type="formatnumber" name="收缩压" maxvalue="9999" minvalue="0" length="4" decimalDigits="0" value="0" fontsize="12">，对光反射</span>
      <selement mustclick="False" type="singleelement" name="对光反射" maxvalue="9999" minvalue="0" length="4" decimalDigits="0" value="0" text="灵敏" fontsize="12" code="">
        <item selected="true" code="" group="">灵敏</item>
        <item selected="false" code="" group="">迟钝</item>
        <item selected="false" code="" group="">消失</item>
      </selement>
      <span mustclick="False" type="singleelement" name="对光反射" maxvalue="9999" minvalue="0" length="4" decimalDigits="0" value="0" text="灵敏" fontsize="12" code="">。</span>
      <span mustclick="False" type="multielement" name="口腔粘膜" maxvalue="9999" minvalue="0" length="4" decimalDigits="0" value="0" text="正常" fontsize="12" code="">口角</span>
      <selement mustclick="False" type="singleelement" name="不歪" maxvalue="9999" minvalue="0" length="4" decimalDigits="0" value="0" text="无歪斜" fontsize="12" code="">
        <item selected="true" code="" group="">无歪斜</item>
        <item selected="false" code="" group="">左歪</item>
        <item selected="false" code="" group="">右歪</item>
      </selement>
      <span mustclick="False" type="multielement" name="口腔粘膜" maxvalue="9999" minvalue="0" length="4" decimalDigits="0" value="0" text="正常" fontsize="12" code="">，</span>
      <span mustclick="False" type="formatnumber" name="收缩压" maxvalue="9999" minvalue="0" length="4" decimalDigits="0" value="0" fontsize="12">伸舌</span>
      <selement mustclick="False" type="singleelement" name="居中" maxvalue="9999" minvalue="0" length="4" decimalDigits="0" value="0" fontsize="12" code="" text="居中">
        <item selected="false" code="" group="">居中</item>
        <item selected="false" code="" group="">偏左</item>
        <item selected="false" code="" group="">偏右</item>
      </selement>
      <span mustclick="False" type="formatnumber" name="收缩压" maxvalue="9999" minvalue="0" length="4" decimalDigits="0" value="0" fontsize="12">，颈</span>
      <selement mustclick="False" type="singleelement" name="颈" maxvalue="9999" minvalue="0" length="4" decimalDigits="0" value="0" text="软" fontsize="12" code="">
        <item selected="true" code="" group="">软</item>
        <item selected="false" code="" group="">强直</item>
      </selement>
      <selement mustclick="False" type="singleelement" name="经抵抗" maxvalue="9999" minvalue="0" length="4" decimalDigits="0" value="0" text="无抵抗" fontsize="12" code="">
        <item selected="true" code="" group="">无抵抗</item>
        <item selected="false" code="" group="">有抵抗</item>
      </selement>
      <span mustclick="False" type="singleelement" name="颈" maxvalue="9999" minvalue="0" length="4" decimalDigits="0" value="0" text="软" fontsize="12" code="">，</span>
      <selement mustclick="False" type="multielement" name="呼吸音" maxvalue="9999" minvalue="0" length="4" decimalDigits="0" value="0" text="呼吸音清" fontsize="12" code="">
        <item selected="true" code="" group="">呼吸音清</item>
        <item selected="false" code="" group="">呼吸音粗</item>
        <item selected="false" code="" group="">异常支气管呼吸音</item>
        <item selected="false" code="" group="">异常支气管肺泡呼吸音</item>
        <item selected="false" code="" group="">异常肺泡呼吸音</item>
      </selement>
      <span mustclick="False" type="singleelement" name="甲状腺" maxvalue="9999" minvalue="0" length="4" decimalDigits="0" value="0" text="无肿大" fontsize="12" code="">，</span>
      <selement mustclick="False" type="singleelement" name="闻及否" text="未闻及" maxvalue="300" minvalue="70" length="5" decimalDigits="1" value="120" fontsize="12" code="">
        <item selected="false" code="" group="">可闻及</item>
        <item selected="true" code="" group="">未闻及</item>
      </selement>
      <selement mustclick="False" type="multielement" name="啰音" text="干、湿性啰音" maxvalue="300" minvalue="70" length="5" decimalDigits="1" value="120" fontsize="12" code="">
        <item selected="true" code="" group="">干、湿性啰音</item>
        <item selected="false" code="" group="">湿啰音</item>
        <item selected="false" code="" group="">干啰音</item>
        <item selected="false" code="" group="">响亮性湿啰音</item>
        <item selected="false" code="" group="">非响亮性湿啰音</item>
        <item selected="false" code="" group="">粗湿啰音</item>
        <item selected="false" code="" group="">中湿啰音</item>
        <item selected="false" code="" group="">细湿啰音</item>
        <item selected="false" code="" group="">捻发音</item>
        <item selected="false" code="" group="">吸气早期湿啰音</item>
        <item selected="false" code="" group="">吸气后期湿啰音</item>
        <item selected="false" code="" group="">高调干啰音</item>
        <item selected="false" code="" group="">低调干啰音</item>
        <item selected="false" code="" group="">弥漫性干啰音</item>
        <item selected="false" code="" group="">局限性干啰音</item>
      </selement>
      <span mustclick="False" type="multielement" name="啰音" text="干、湿性啰音" maxvalue="300" minvalue="70" length="5" decimalDigits="1" value="120" fontsize="12" code="">，</span>
      <span mustclick="False" type="multielement" name="叩诊音" text="叩诊音" maxvalue="300" minvalue="70" length="5" decimalDigits="1" value="120" fontsize="12">心率</span>
      <fnumelement mustclick="False" type="formatnumber" name="心率" text="叩诊音" maxvalue="300" minvalue="20" length="3" decimalDigits="0" value="80" fontsize="12" code="">80</fnumelement>
      <span mustclick="False" type="multielement" name="叩诊音" text="叩诊音" maxvalue="300" minvalue="70" length="5" decimalDigits="1" value="120" fontsize="12">次/分，律</span>
      <selement mustclick="False" type="singleelement" name="心率" text="齐" maxvalue="300" minvalue="70" length="5" decimalDigits="1" value="120" fontsize="12" code="">
        <item selected="true" code="" group="">齐</item>
        <item selected="false" code="" group="">不齐</item>
        <item selected="false" code="" group="">绝对不齐</item>
      </selement>
      <span mustclick="False" type="singleelement" name="杂音" text="各瓣膜听诊区未闻及病理性杂音" maxvalue="300" minvalue="70" length="5" decimalDigits="1" value="120" fontsize="12" code="">。</span>
      <span mustclick="False" type="multielement" name="叩诊音" text="叩诊音" maxvalue="300" minvalue="70" length="5" decimalDigits="1" value="120" fontsize="12">腹</span>
      <selement mustclick="False" type="singleelement" name="腹部紧张度" text="软" maxvalue="300" minvalue="70" length="5" decimalDigits="1" value="120" fontsize="12" code="">
        <item selected="true" code="" group="">软</item>
        <item selected="false" code="" group="">紧</item>
        <item selected="false" code="" group="">揉面感</item>
        <item selected="false" code="" group="">板状腹</item>
        <item selected="false" code="" group="">壁紧张度减低</item>
      </selement>
      <span mustclick="False" type="multielement" name="叩诊音" text="叩诊音" maxvalue="300" minvalue="70" length="5" decimalDigits="1" value="120" fontsize="12">，</span>
      <selement mustclick="False" type="multielement" name="位置" text="全腹" maxvalue="300" minvalue="70" length="5" decimalDigits="1" value="120" fontsize="12" code="">
        <item selected="true" code="" group="">全腹</item>
        <item selected="false" code="" group="">右上腹</item>
        <item selected="false" code="" group="">右下腹</item>
        <item selected="false" code="" group="">中腹</item>
        <item selected="false" code="" group="">剑突下</item>
        <item selected="false" code="" group="">左上腹</item>
        <item selected="false" code="" group="">脐周</item>
        <item selected="false" code="" group="">左下腹</item>
        <item selected="false" code="" group="">无</item>
        <item selected="false" code="" group="">下腹</item>
      </selement>
      <selement mustclick="False" type="havenotelement" name="压痛反跳痛" text="无压痛、反跳痛、肌紧张" maxvalue="300" minvalue="70" length="5" decimalDigits="1" value="120" fontsize="12" prifix="有" postfix="无" code="">
        <item selected="false" code="" group="">压痛</item>
        <item selected="false" code="" group="">反跳痛</item>
        <item selected="false" code="" group="">肌紧张</item>
      </selement>
      <span mustclick="False" type="multielement" name="叩诊音" text="叩诊音" maxvalue="300" minvalue="70" length="5" decimalDigits="1" value="120" fontsize="12">，肠鸣音</span>
      <selement mustclick="False" type="singleelement" name="肠鸣音" text="正常" maxvalue="300" minvalue="70" length="5" decimalDigits="1" value="120" fontsize="12" code="">
        <item selected="true" code="" group="">正常</item>
        <item selected="false" code="" group="">亢进</item>
        <item selected="false" code="" group="">减弱</item>
        <item selected="false" code="" group="">消失</item>
      </selement>
      <span mustclick="False" type="singleelement" name="肠鸣音" text="正常" maxvalue="300" minvalue="70" length="5" decimalDigits="1" value="120" fontsize="12" code="">。</span>
      <selement mustclick="False" type="singleelement" name="肢体" text="双下肢" maxvalue="300" minvalue="70" length="5" decimalDigits="1" value="120" fontsize="12" code="">
        <item selected="true" code="" group="">双下肢</item>
        <item selected="false" code="" group="">右下肢</item>
        <item selected="false" code="" group="">左下肢</item>
      </selement>
      <selement mustclick="False" type="singleelement" name="双下肢" text="无浮肿" maxvalue="300" minvalue="70" length="5" decimalDigits="1" value="120" fontsize="12" code="">
        <item selected="true" code="" group="">无浮肿</item>
        <item selected="false" code="" group="">浮肿</item>
      </selement>
      <span mustclick="False" type="singleelement" name="双下肢" text="无浮肿" maxvalue="300" minvalue="70" length="5" decimalDigits="1" value="120" fontsize="12" code="">，左上肢</span>
      <span mustclick="False" type="multielement" name="叩诊音" text="叩诊音" maxvalue="300" minvalue="70" length="5" decimalDigits="1" value="120" fontsize="12">肌力</span>
      <selement mustclick="False" type="singleelement" name="单选" text="Ⅴ" maxvalue="300" minvalue="70" length="5" decimalDigits="1" value="120" fontsize="12" code="">
        <item selected="false" code="" group="">0</item>
        <item selected="false" code="" group="">Ⅰ</item>
        <item selected="false" code="" group="">Ⅱ</item>
        <item selected="false" code="" group="">Ⅲ</item>
        <item selected="false" code="" group="">Ⅳ</item>
        <item selected="true" code="" group="">Ⅴ</item>
      </selement>
      <span mustclick="False" type="multielement" name="叩诊音" text="叩诊音" maxvalue="300" minvalue="70" length="5" decimalDigits="1" value="120" fontsize="12">级、肌张力</span>
      <selement mustclick="False" type="singleelement" name="肌张力" text="适中" maxvalue="300" minvalue="70" length="5" decimalDigits="1" value="120" fontsize="12" code="">
        <item selected="true" code="" group="">适中</item>
        <item selected="false" code="" group="">增高</item>
        <item selected="false" code="" group="">减弱</item>
      </selement>
      <span mustclick="False" type="singleelement" name="肌张力" text="适中" maxvalue="300" minvalue="70" length="5" decimalDigits="1" value="120" fontsize="12" code="">，</span>
      <span mustclick="False" type="singleelement" name="双下肢" text="无浮肿" maxvalue="300" minvalue="70" length="5" decimalDigits="1" value="120" fontsize="12" code="">左下肢</span>
      <span mustclick="False" type="multielement" name="叩诊音" text="叩诊音" maxvalue="300" minvalue="70" length="5" decimalDigits="1" value="120" fontsize="12">肌力</span>
      <selement mustclick="False" type="singleelement" name="单选" text="Ⅴ" maxvalue="300" minvalue="70" length="5" decimalDigits="1" value="120" fontsize="12" code="">
        <item selected="false" code="" group="">0</item>
        <item selected="false" code="" group="">Ⅰ</item>
        <item selected="false" code="" group="">Ⅱ</item>
        <item selected="false" code="" group="">Ⅲ</item>
        <item selected="false" code="" group="">Ⅳ</item>
        <item selected="true" code="" group="">Ⅴ</item>
      </selement>
      <span mustclick="False" type="multielement" name="叩诊音" text="叩诊音" maxvalue="300" minvalue="70" length="5" decimalDigits="1" value="120" fontsize="12">级、肌张力</span>
      <selement mustclick="False" type="singleelement" name="肌张力" text="适中" maxvalue="300" minvalue="70" length="5" decimalDigits="1" value="120" fontsize="12" code="">
        <item selected="true" code="" group="">适中</item>
        <item selected="false" code="" group="">增高</item>
        <item selected="false" code="" group="">减弱</item>
      </selement>
      <span mustclick="False" type="singleelement" name="肌张力" text="适中" maxvalue="300" minvalue="70" length="5" decimalDigits="1" value="120" fontsize="12" code="">，</span>
      <span mustclick="False" type="multielement" name="叩诊音" text="叩诊音" maxvalue="300" minvalue="70" length="5" decimalDigits="1" value="120" fontsize="12">右</span>
      <span mustclick="False" type="singleelement" name="双下肢" text="无浮肿" maxvalue="300" minvalue="70" length="5" decimalDigits="1" value="120" fontsize="12" code="">上肢</span>
      <span mustclick="False" type="multielement" name="叩诊音" text="叩诊音" maxvalue="300" minvalue="70" length="5" decimalDigits="1" value="120" fontsize="12">肌力</span>
      <selement mustclick="False" type="singleelement" name="单选" text="Ⅴ" maxvalue="300" minvalue="70" length="5" decimalDigits="1" value="120" fontsize="12" code="">
        <item selected="false" code="" group="">0</item>
        <item selected="false" code="" group="">Ⅰ</item>
        <item selected="false" code="" group="">Ⅱ</item>
        <item selected="false" code="" group="">Ⅲ</item>
        <item selected="false" code="" group="">Ⅳ</item>
        <item selected="true" code="" group="">Ⅴ</item>
      </selement>
      <span mustclick="False" type="multielement" name="叩诊音" text="叩诊音" maxvalue="300" minvalue="70" length="5" decimalDigits="1" value="120" fontsize="12">级、肌张力</span>
      <selement mustclick="False" type="singleelement" name="肌张力" text="适中" maxvalue="300" minvalue="70" length="5" decimalDigits="1" value="120" fontsize="12" code="">
        <item selected="true" code="" group="">适中</item>
        <item selected="false" code="" group="">增高</item>
        <item selected="false" code="" group="">减弱</item>
      </selement>
      <span mustclick="False" type="singleelement" name="肌张力" text="适中" maxvalue="300" minvalue="70" length="5" decimalDigits="1" value="120" fontsize="12" code="">，</span>
      <span mustclick="False" type="multielement" name="叩诊音" text="叩诊音" maxvalue="300" minvalue="70" length="5" decimalDigits="1" value="120" fontsize="12">右下</span>
      <span mustclick="False" type="singleelement" name="双下肢" text="无浮肿" maxvalue="300" minvalue="70" length="5" decimalDigits="1" value="120" fontsize="12" code="">肢</span>
      <span mustclick="False" type="multielement" name="叩诊音" text="叩诊音" maxvalue="300" minvalue="70" length="5" decimalDigits="1" value="120" fontsize="12">肌力</span>
      <selement mustclick="False" type="singleelement" name="单选" text="Ⅴ" maxvalue="300" minvalue="70" length="5" decimalDigits="1" value="120" fontsize="12" code="">
        <item selected="false" code="" group="">0</item>
        <item selected="false" code="" group="">Ⅰ</item>
        <item selected="false" code="" group="">Ⅱ</item>
        <item selected="false" code="" group="">Ⅲ</item>
        <item selected="false" code="" group="">Ⅳ</item>
        <item selected="true" code="" group="">Ⅴ</item>
      </selement>
      <span mustclick="False" type="multielement" name="叩诊音" text="叩诊音" maxvalue="300" minvalue="70" length="5" decimalDigits="1" value="120" fontsize="12">级，肌张力</span>
      <selement mustclick="False" type="singleelement" name="肌张力" text="适中" maxvalue="300" minvalue="70" length="5" decimalDigits="1" value="120" fontsize="12" code="">
        <item selected="true" code="" group="">适中</item>
        <item selected="false" code="" group="">增高</item>
        <item selected="false" code="" group="">减弱</item>
      </selement>
      <span mustclick="False" type="singleelement" name="肌张力" text="适中" maxvalue="300" minvalue="70" length="5" decimalDigits="1" value="120" fontsize="12" code="">，</span>
      <span mustclick="False" type="multielement" name="叩诊音" text="叩诊音" maxvalue="300" minvalue="70" length="5" decimalDigits="1" value="120" fontsize="12">左侧Babinski征</span>
      <selement mustclick="False" type="singleelement" name="单选" text="(-)" maxvalue="300" minvalue="70" length="5" decimalDigits="1" value="120" fontsize="12" code="">
        <item selected="false" code="" group="">(+)</item>
        <item selected="true" code="" group="">(-)</item>
      </selement>
      <span mustclick="False" type="multielement" name="叩诊音" text="叩诊音" maxvalue="300" minvalue="70" length="5" decimalDigits="1" value="120" fontsize="12">，右侧Babinski征</span>
      <selement mustclick="False" type="singleelement" name="单选" text="(-)" maxvalue="300" minvalue="70" length="5" decimalDigits="1" value="120" fontsize="12" code="">
        <item selected="false" code="" group="">(+)</item>
        <item selected="true" code="" group="">(-)</item>
      </selement>
      <span fontsize="12" mustclick="False" code="" type="macro" name="性别" text="老年">3.既往病史及辅助检查同上。</span>
      <eof />
    </p>
    <p align="0">
      <eof />
    </p>
    <p align="0">
      <span fontname="宋体" fontsize="10.5">3、目前病情：</span>
      <span fontsize="12" type="fixedtext" name="标签" level="" print="True">T</span>
      <fnumelement fontsize="12" type="formatnumber" name="体温" level="" print="True" mustclick="False" code="" maxvalue="45" minvalue="33" length="3" decimalDigits="0" value="36.5">36.5</fnumelement>
      <text fontsize="12" type="text" name="℃" level="" print="True">℃</text>
      <span fontsize="12" type="fixedtext" name="标签" level="" print="True">； P：</span>
      <fnumelement fontsize="12" type="formatnumber" name="脉搏" level="" print="True" mustclick="False" code="" maxvalue="9999" minvalue="0" length="4" decimalDigits="0" value="80">80</fnumelement>
      <span fontsize="12" type="fixedtext" name="标签" level="" print="True">次/分； R：</span>
      <fnumelement fontsize="12" type="formatnumber" name="呼吸" level="" print="True" mustclick="False" code="" maxvalue="9999" minvalue="0" length="4" decimalDigits="0" value="30">30</fnumelement>
      <span fontsize="12" type="fixedtext" name="标签" level="" print="True">次/分； Bp：</span>
      <fnumelement fontsize="12" type="formatnumber" name="最高" level="" print="True" mustclick="False" code="" maxvalue="9999" minvalue="0" length="4" decimalDigits="0" value="120">120</fnumelement>
      <span fontsize="12" type="fixedtext" name="标签" level="" print="True">/</span>
      <fnumelement fontsize="12" type="formatnumber" name="最低" level="" print="True" mustclick="False" code="" maxvalue="9999" minvalue="0" length="4" decimalDigits="0" value="80">80</fnumelement>
      <text fontsize="12" type="text" name="mmHg" level="" print="True">mmHg</text>
      <span fontsize="12" type="fixedtext" name="标签" level="" print="True">。</span>
      <span mustclick="False" type="formatnumber" name="收缩压" maxvalue="9999" minvalue="0" length="4" decimalDigits="0" value="0" fontsize="12">神志</span>
      <selement mustclick="False" type="singleelement" name="意识" maxvalue="9999" minvalue="0" length="4" decimalDigits="0" value="0" text="清楚" fontsize="12" code="">
        <item selected="true" code="" group="">清楚</item>
        <item selected="false" code="" group="">嗜睡</item>
        <item selected="false" code="" group="">模糊</item>
        <item selected="false" code="" group="">昏睡</item>
        <item selected="false" code="" group="">谵妄</item>
        <item selected="false" code="" group="">浅昏迷</item>
        <item selected="false" code="" group="">深昏迷</item>
      </selement>
      <span mustclick="False" type="singleelement" name="意识" maxvalue="9999" minvalue="0" length="4" decimalDigits="0" value="0" text="清楚" fontsize="12" code="">，言语</span>
      <selement mustclick="False" type="singleelement" name="言语" maxvalue="9999" minvalue="0" length="4" decimalDigits="0" value="0" text="流利" fontsize="12" code="">
        <item selected="true" code="" group="">流利</item>
        <item selected="false" code="" group="">蹇涩</item>
        <item selected="false" code="" group="">欠流利</item>
      </selement>
      <span mustclick="False" type="singleelement" name="意识" maxvalue="9999" minvalue="0" length="4" decimalDigits="0" value="0" text="清楚" fontsize="12" code="">，精神</span>
      <selement mustclick="False" type="singleelement" name="精神" maxvalue="9999" minvalue="0" length="4" decimalDigits="0" value="0" text="可" fontsize="12" code="">
        <item selected="false" code="" group="">好</item>
        <item selected="true" code="" group="">可</item>
        <item selected="false" code="" group="">差</item>
      </selement>
      <span mustclick="False" type="singleelement" name="精神" maxvalue="9999" minvalue="0" length="4" decimalDigits="0" value="0" text="可" fontsize="12" code="">。</span>
      <span mustclick="False" type="formatnumber" name="收缩压" maxvalue="9999" minvalue="0" length="4" decimalDigits="0" value="0" fontsize="12">双侧瞳孔</span>
      <selement mustclick="False" type="singleelement" name="瞳孔" maxvalue="9999" minvalue="0" length="4" decimalDigits="0" value="0" text="正大等圆" fontsize="12" code="">
        <item selected="true" code="" group="">正大等圆</item>
        <item selected="false" code="" group="">不等</item>
      </selement>
      <span mustclick="False" type="formatnumber" name="收缩压" maxvalue="9999" minvalue="0" length="4" decimalDigits="0" value="0" fontsize="12">，对光反射</span>
      <selement mustclick="False" type="singleelement" name="对光反射" maxvalue="9999" minvalue="0" length="4" decimalDigits="0" value="0" text="灵敏" fontsize="12" code="">
        <item selected="true" code="" group="">灵敏</item>
        <item selected="false" code="" group="">迟钝</item>
        <item selected="false" code="" group="">消失</item>
      </selement>
      <span mustclick="False" type="singleelement" name="对光反射" maxvalue="9999" minvalue="0" length="4" decimalDigits="0" value="0" text="灵敏" fontsize="12" code="">。</span>
      <span mustclick="False" type="multielement" name="口腔粘膜" maxvalue="9999" minvalue="0" length="4" decimalDigits="0" value="0" text="正常" fontsize="12" code="">口角</span>
      <selement mustclick="False" type="singleelement" name="不歪" maxvalue="9999" minvalue="0" length="4" decimalDigits="0" value="0" text="无歪斜" fontsize="12" code="">
        <item selected="true" code="" group="">无歪斜</item>
        <item selected="false" code="" group="">左歪</item>
        <item selected="false" code="" group="">右歪</item>
      </selement>
      <span mustclick="False" type="multielement" name="口腔粘膜" maxvalue="9999" minvalue="0" length="4" decimalDigits="0" value="0" text="正常" fontsize="12" code="">，</span>
      <span mustclick="False" type="formatnumber" name="收缩压" maxvalue="9999" minvalue="0" length="4" decimalDigits="0" value="0" fontsize="12">伸舌</span>
      <selement mustclick="False" type="singleelement" name="居中" maxvalue="9999" minvalue="0" length="4" decimalDigits="0" value="0" fontsize="12" code="" text="居中">
        <item selected="false" code="" group="">居中</item>
        <item selected="false" code="" group="">偏左</item>
        <item selected="false" code="" group="">偏右</item>
      </selement>
      <span mustclick="False" type="formatnumber" name="收缩压" maxvalue="9999" minvalue="0" length="4" decimalDigits="0" value="0" fontsize="12">，颈</span>
      <selement mustclick="False" type="singleelement" name="颈" maxvalue="9999" minvalue="0" length="4" decimalDigits="0" value="0" text="软" fontsize="12" code="">
        <item selected="true" code="" group="">软</item>
        <item selected="false" code="" group="">强直</item>
      </selement>
      <selement mustclick="False" type="singleelement" name="经抵抗" maxvalue="9999" minvalue="0" length="4" decimalDigits="0" value="0" text="无抵抗" fontsize="12" code="">
        <item selected="true" code="" group="">无抵抗</item>
        <item selected="false" code="" group="">有抵抗</item>
      </selement>
      <span mustclick="False" type="singleelement" name="颈" maxvalue="9999" minvalue="0" length="4" decimalDigits="0" value="0" text="软" fontsize="12" code="">，</span>
      <selement mustclick="False" type="multielement" name="呼吸音" maxvalue="9999" minvalue="0" length="4" decimalDigits="0" value="0" text="呼吸音清" fontsize="12" code="">
        <item selected="true" code="" group="">呼吸音清</item>
        <item selected="false" code="" group="">呼吸音粗</item>
        <item selected="false" code="" group="">异常支气管呼吸音</item>
        <item selected="false" code="" group="">异常支气管肺泡呼吸音</item>
        <item selected="false" code="" group="">异常肺泡呼吸音</item>
      </selement>
      <span mustclick="False" type="singleelement" name="甲状腺" maxvalue="9999" minvalue="0" length="4" decimalDigits="0" value="0" text="无肿大" fontsize="12" code="">，</span>
      <selement mustclick="False" type="singleelement" name="闻及否" text="未闻及" maxvalue="300" minvalue="70" length="5" decimalDigits="1" value="120" fontsize="12" code="">
        <item selected="false" code="" group="">可闻及</item>
        <item selected="true" code="" group="">未闻及</item>
      </selement>
      <selement mustclick="False" type="multielement" name="啰音" text="干、湿性啰音" maxvalue="300" minvalue="70" length="5" decimalDigits="1" value="120" fontsize="12" code="">
        <item selected="true" code="" group="">干、湿性啰音</item>
        <item selected="false" code="" group="">湿啰音</item>
        <item selected="false" code="" group="">干啰音</item>
        <item selected="false" code="" group="">响亮性湿啰音</item>
        <item selected="false" code="" group="">非响亮性湿啰音</item>
        <item selected="false" code="" group="">粗湿啰音</item>
        <item selected="false" code="" group="">中湿啰音</item>
        <item selected="false" code="" group="">细湿啰音</item>
        <item selected="false" code="" group="">捻发音</item>
        <item selected="false" code="" group="">吸气早期湿啰音</item>
        <item selected="false" code="" group="">吸气后期湿啰音</item>
        <item selected="false" code="" group="">高调干啰音</item>
        <item selected="false" code="" group="">低调干啰音</item>
        <item selected="false" code="" group="">弥漫性干啰音</item>
        <item selected="false" code="" group="">局限性干啰音</item>
      </selement>
      <span mustclick="False" type="multielement" name="啰音" text="干、湿性啰音" maxvalue="300" minvalue="70" length="5" decimalDigits="1" value="120" fontsize="12" code="">，</span>
      <span mustclick="False" type="multielement" name="叩诊音" text="叩诊音" maxvalue="300" minvalue="70" length="5" decimalDigits="1" value="120" fontsize="12">心率</span>
      <fnumelement mustclick="False" type="formatnumber" name="心率" text="叩诊音" maxvalue="300" minvalue="20" length="3" decimalDigits="0" value="80" fontsize="12" code="">80</fnumelement>
      <span mustclick="False" type="multielement" name="叩诊音" text="叩诊音" maxvalue="300" minvalue="70" length="5" decimalDigits="1" value="120" fontsize="12">次/分，律</span>
      <selement mustclick="False" type="singleelement" name="心率" text="齐" maxvalue="300" minvalue="70" length="5" decimalDigits="1" value="120" fontsize="12" code="">
        <item selected="true" code="" group="">齐</item>
        <item selected="false" code="" group="">不齐</item>
        <item selected="false" code="" group="">绝对不齐</item>
      </selement>
      <span mustclick="False" type="singleelement" name="杂音" text="各瓣膜听诊区未闻及病理性杂音" maxvalue="300" minvalue="70" length="5" decimalDigits="1" value="120" fontsize="12" code="">。</span>
      <span mustclick="False" type="multielement" name="叩诊音" text="叩诊音" maxvalue="300" minvalue="70" length="5" decimalDigits="1" value="120" fontsize="12">腹</span>
      <selement mustclick="False" type="singleelement" name="腹部紧张度" text="软" maxvalue="300" minvalue="70" length="5" decimalDigits="1" value="120" fontsize="12" code="">
        <item selected="true" code="" group="">软</item>
        <item selected="false" code="" group="">紧</item>
        <item selected="false" code="" group="">揉面感</item>
        <item selected="false" code="" group="">板状腹</item>
        <item selected="false" code="" group="">壁紧张度减低</item>
      </selement>
      <span mustclick="False" type="multielement" name="叩诊音" text="叩诊音" maxvalue="300" minvalue="70" length="5" decimalDigits="1" value="120" fontsize="12">，</span>
      <selement mustclick="False" type="multielement" name="位置" text="全腹" maxvalue="300" minvalue="70" length="5" decimalDigits="1" value="120" fontsize="12" code="">
        <item selected="true" code="" group="">全腹</item>
        <item selected="false" code="" group="">右上腹</item>
        <item selected="false" code="" group="">右下腹</item>
        <item selected="false" code="" group="">中腹</item>
        <item selected="false" code="" group="">剑突下</item>
        <item selected="false" code="" group="">左上腹</item>
        <item selected="false" code="" group="">脐周</item>
        <item selected="false" code="" group="">左下腹</item>
        <item selected="false" code="" group="">无</item>
        <item selected="false" code="" group="">下腹</item>
      </selement>
      <selement mustclick="False" type="havenotelement" name="压痛反跳痛" text="无压痛、反跳痛、肌紧张" maxvalue="300" minvalue="70" length="5" decimalDigits="1" value="120" fontsize="12" prifix="有" postfix="无" code="">
        <item selected="false" code="" group="">压痛</item>
        <item selected="false" code="" group="">反跳痛</item>
        <item selected="false" code="" group="">肌紧张</item>
      </selement>
      <span mustclick="False" type="multielement" name="叩诊音" text="叩诊音" maxvalue="300" minvalue="70" length="5" decimalDigits="1" value="120" fontsize="12">，肠鸣音</span>
      <selement mustclick="False" type="singleelement" name="肠鸣音" text="正常" maxvalue="300" minvalue="70" length="5" decimalDigits="1" value="120" fontsize="12" code="">
        <item selected="true" code="" group="">正常</item>
        <item selected="false" code="" group="">亢进</item>
        <item selected="false" code="" group="">减弱</item>
        <item selected="false" code="" group="">消失</item>
      </selement>
      <span mustclick="False" type="singleelement" name="肠鸣音" text="正常" maxvalue="300" minvalue="70" length="5" decimalDigits="1" value="120" fontsize="12" code="">。</span>
      <selement mustclick="False" type="singleelement" name="肢体" text="双下肢" maxvalue="300" minvalue="70" length="5" decimalDigits="1" value="120" fontsize="12" code="">
        <item selected="true" code="" group="">双下肢</item>
        <item selected="false" code="" group="">右下肢</item>
        <item selected="false" code="" group="">左下肢</item>
      </selement>
      <selement mustclick="False" type="singleelement" name="双下肢" text="无浮肿" maxvalue="300" minvalue="70" length="5" decimalDigits="1" value="120" fontsize="12" code="">
        <item selected="true" code="" group="">无浮肿</item>
        <item selected="false" code="" group="">浮肿</item>
      </selement>
      <span mustclick="False" type="singleelement" name="双下肢" text="无浮肿" maxvalue="300" minvalue="70" length="5" decimalDigits="1" value="120" fontsize="12" code="">，左上肢</span>
      <span mustclick="False" type="multielement" name="叩诊音" text="叩诊音" maxvalue="300" minvalue="70" length="5" decimalDigits="1" value="120" fontsize="12">肌力</span>
      <selement mustclick="False" type="singleelement" name="单选" text="Ⅴ" maxvalue="300" minvalue="70" length="5" decimalDigits="1" value="120" fontsize="12" code="">
        <item selected="false" code="" group="">0</item>
        <item selected="false" code="" group="">Ⅰ</item>
        <item selected="false" code="" group="">Ⅱ</item>
        <item selected="false" code="" group="">Ⅲ</item>
        <item selected="false" code="" group="">Ⅳ</item>
        <item selected="true" code="" group="">Ⅴ</item>
      </selement>
      <span mustclick="False" type="multielement" name="叩诊音" text="叩诊音" maxvalue="300" minvalue="70" length="5" decimalDigits="1" value="120" fontsize="12">级、肌张力</span>
      <selement mustclick="False" type="singleelement" name="肌张力" text="适中" maxvalue="300" minvalue="70" length="5" decimalDigits="1" value="120" fontsize="12" code="">
        <item selected="true" code="" group="">适中</item>
        <item selected="false" code="" group="">增高</item>
        <item selected="false" code="" group="">减弱</item>
      </selement>
      <span mustclick="False" type="singleelement" name="肌张力" text="适中" maxvalue="300" minvalue="70" length="5" decimalDigits="1" value="120" fontsize="12" code="">，</span>
      <span mustclick="False" type="singleelement" name="双下肢" text="无浮肿" maxvalue="300" minvalue="70" length="5" decimalDigits="1" value="120" fontsize="12" code="">左下肢</span>
      <span mustclick="False" type="multielement" name="叩诊音" text="叩诊音" maxvalue="300" minvalue="70" length="5" decimalDigits="1" value="120" fontsize="12">肌力</span>
      <selement mustclick="False" type="singleelement" name="单选" text="Ⅴ" maxvalue="300" minvalue="70" length="5" decimalDigits="1" value="120" fontsize="12" code="">
        <item selected="false" code="" group="">0</item>
        <item selected="false" code="" group="">Ⅰ</item>
        <item selected="false" code="" group="">Ⅱ</item>
        <item selected="false" code="" group="">Ⅲ</item>
        <item selected="false" code="" group="">Ⅳ</item>
        <item selected="true" code="" group="">Ⅴ</item>
      </selement>
      <span mustclick="False" type="multielement" name="叩诊音" text="叩诊音" maxvalue="300" minvalue="70" length="5" decimalDigits="1" value="120" fontsize="12">级、肌张力</span>
      <selement mustclick="False" type="singleelement" name="肌张力" text="适中" maxvalue="300" minvalue="70" length="5" decimalDigits="1" value="120" fontsize="12" code="">
        <item selected="true" code="" group="">适中</item>
        <item selected="false" code="" group="">增高</item>
        <item selected="false" code="" group="">减弱</item>
      </selement>
      <span mustclick="False" type="singleelement" name="肌张力" text="适中" maxvalue="300" minvalue="70" length="5" decimalDigits="1" value="120" fontsize="12" code="">，</span>
      <span mustclick="False" type="multielement" name="叩诊音" text="叩诊音" maxvalue="300" minvalue="70" length="5" decimalDigits="1" value="120" fontsize="12">右</span>
      <span mustclick="False" type="singleelement" name="双下肢" text="无浮肿" maxvalue="300" minvalue="70" length="5" decimalDigits="1" value="120" fontsize="12" code="">上肢</span>
      <span mustclick="False" type="multielement" name="叩诊音" text="叩诊音" maxvalue="300" minvalue="70" length="5" decimalDigits="1" value="120" fontsize="12">肌力</span>
      <selement mustclick="False" type="singleelement" name="单选" text="Ⅴ" maxvalue="300" minvalue="70" length="5" decimalDigits="1" value="120" fontsize="12" code="">
        <item selected="false" code="" group="">0</item>
        <item selected="false" code="" group="">Ⅰ</item>
        <item selected="false" code="" group="">Ⅱ</item>
        <item selected="false" code="" group="">Ⅲ</item>
        <item selected="false" code="" group="">Ⅳ</item>
        <item selected="true" code="" group="">Ⅴ</item>
      </selement>
      <span mustclick="False" type="multielement" name="叩诊音" text="叩诊音" maxvalue="300" minvalue="70" length="5" decimalDigits="1" value="120" fontsize="12">级、肌张力</span>
      <selement mustclick="False" type="singleelement" name="肌张力" text="适中" maxvalue="300" minvalue="70" length="5" decimalDigits="1" value="120" fontsize="12" code="">
        <item selected="true" code="" group="">适中</item>
        <item selected="false" code="" group="">增高</item>
        <item selected="false" code="" group="">减弱</item>
      </selement>
      <span mustclick="False" type="singleelement" name="肌张力" text="适中" maxvalue="300" minvalue="70" length="5" decimalDigits="1" value="120" fontsize="12" code="">，</span>
      <span mustclick="False" type="multielement" name="叩诊音" text="叩诊音" maxvalue="300" minvalue="70" length="5" decimalDigits="1" value="120" fontsize="12">右下</span>
      <span mustclick="False" type="singleelement" name="双下肢" text="无浮肿" maxvalue="300" minvalue="70" length="5" decimalDigits="1" value="120" fontsize="12" code="">肢</span>
      <span mustclick="False" type="multielement" name="叩诊音" text="叩诊音" maxvalue="300" minvalue="70" length="5" decimalDigits="1" value="120" fontsize="12">肌力</span>
      <selement mustclick="False" type="singleelement" name="单选" text="Ⅴ" maxvalue="300" minvalue="70" length="5" decimalDigits="1" value="120" fontsize="12" code="">
        <item selected="false" code="" group="">0</item>
        <item selected="false" code="" group="">Ⅰ</item>
        <item selected="false" code="" group="">Ⅱ</item>
        <item selected="false" code="" group="">Ⅲ</item>
        <item selected="false" code="" group="">Ⅳ</item>
        <item selected="true" code="" group="">Ⅴ</item>
      </selement>
      <span mustclick="False" type="multielement" name="叩诊音" text="叩诊音" maxvalue="300" minvalue="70" length="5" decimalDigits="1" value="120" fontsize="12">级，肌张力</span>
      <selement mustclick="False" type="singleelement" name="肌张力" text="适中" maxvalue="300" minvalue="70" length="5" decimalDigits="1" value="120" fontsize="12" code="">
        <item selected="true" code="" group="">适中</item>
        <item selected="false" code="" group="">增高</item>
        <item selected="false" code="" group="">减弱</item>
      </selement>
      <span mustclick="False" type="singleelement" name="肌张力" text="适中" maxvalue="300" minvalue="70" length="5" decimalDigits="1" value="120" fontsize="12" code="">，</span>
      <span mustclick="False" type="multielement" name="叩诊音" text="叩诊音" maxvalue="300" minvalue="70" length="5" decimalDigits="1" value="120" fontsize="12">左侧Babinski征</span>
      <selement mustclick="False" type="singleelement" name="单选" text="(-)" maxvalue="300" minvalue="70" length="5" decimalDigits="1" value="120" fontsize="12" code="">
        <item selected="false" code="" group="">(+)</item>
        <item selected="true" code="" group="">(-)</item>
      </selement>
      <span mustclick="False" type="multielement" name="叩诊音" text="叩诊音" maxvalue="300" minvalue="70" length="5" decimalDigits="1" value="120" fontsize="12">，右侧Babinski征</span>
      <selement mustclick="False" type="singleelement" name="单选" text="(-)" maxvalue="300" minvalue="70" length="5" decimalDigits="1" value="120" fontsize="12" code="">
        <item selected="false" code="" group="">(+)</item>
        <item selected="true" code="" group="">(-)</item>
      </selement>
      <eof />
    </p>
    <p align="0">
      <span fontname="宋体" fontsize="10.5">4、可能的预后：</span>
      <selement fontname="宋体" fontsize="10.5" mustclick="False" code="" type="multielement" name="多选" text="多选">
        <item selected="false" code="" group="">１．脑梗塞加重甚至瘫痪２．脑心综合征，急性心肌梗死，恶性心律失常，心力衰竭３．梗塞后出血</item>
        <item selected="false" code="" group="">１．出血量增多，必要时手术治疗２．脑水肿加重３．脑疝４．脑心综合征，急性心肌梗死，恶性心律失常，心力衰竭</item>
        <item selected="false" code="" group="">上述症状反复发作</item>
        <item selected="false" code="" group="">病情进一步加重</item>
        <item selected="false" code="" group="">１．哮喘持续状态２．肺性脑病３．肺心病４．窒息，必要时上呼吸机，气管切开等，转ＩＣＵ或上级医院进一步治疗</item>
        <item selected="false" code="" group="">１．肝性脑病２．肝硬化、肝癌３．食管胃底静脉曲张破裂出血４．失血性休克，必要时输血</item>
        <item selected="false" code="" group="">１．低血糖２．糖尿病高渗性昏迷３．糖尿病酮症酸中毒４．心脑血管意外</item>
        <item selected="false" code="" group="">水电解质紊乱、肺及泌尿系感染，褥疮，多脏器衰竭、猝死</item>
      </selement>
      <eof />
    </p>
    <p align="0">
      <eof />
    </p>
    <p align="0">
      <span fontname="宋体" fontsize="10.5">5、下一步治疗方案：</span>
      <span fontsize="12" mustclick="False" code="" type="macro" name="性别" text="老年">予以患者</span>
      <selement fontsize="12" mustclick="False" code="" type="multielement" name="诊疗计划" text="诊疗计划">
        <item selected="false" code="" group="">活血化瘀</item>
        <item selected="false" code="" group="">脑保护</item>
        <item selected="false" code="" group="">控制血压</item>
        <item selected="false" code="" group="">控制血糖</item>
        <item selected="false" code="" group="">脱水降颅压</item>
        <item selected="false" code="" group="">抑酸、保护胃黏膜</item>
        <item selected="false" code="" group="">抗血小板聚集</item>
        <item selected="false" code="" group="">抗凝</item>
        <item selected="false" code="" group="">营养心肌</item>
        <item selected="false" code="" group="">扩冠、改善心肌供血</item>
        <item selected="false" code="" group="">抗感染</item>
        <item selected="false" code="" group="">退热</item>
        <item selected="false" code="" group="">止咳平喘</item>
        <item selected="false" code="" group="">康复</item>
      </selement>
      <span fontsize="12" mustclick="False" code="" type="macro" name="性别" text="老年">治疗</span>
      <eof />
    </p>
    <p align="0">
      <span fontname="宋体" fontsize="10.5">6、患者及其近亲家属对医护工作的意见：</span>
      <eof />
    </p>
    <p align="0">
      <eof />
    </p>
    <p align="0">
      <span fontname="宋体" fontsize="10.5">7、其他：无</span>
      <eof />
    </p>
    <p align="0">
      <span fontname="宋体" fontsize="10.5">患者或其近亲家属签字：        关系：        记录者签字：</span>
      <eof />
    </p>
    <p align="0">
      <eof />
    </p>
    <p align="0">
      <span fontname="宋体" fontsize="10.5">          年     月    日                        年     月    日</span>
      <eof />
    </p>
  </body>
</document>