<document>
  <pagesettings>
    <page kind="A4" width="790" height="1169" />
    <margins left="100" top="51" right="50" bottom="51" />
    <landscape value="False" />
  </pagesettings>
  <header>
    <p align="2">
      <span fontname="宋体" fontsize="16" fontbold="1">斯普德演示医院</span>
      <eof />
    </p>
    <p align="2">
      <span fontname="宋体" fontsize="16" fontbold="1">腹腔穿刺术知情同意书</span>
      <eof />
    </p>
    <p align="0">
      <span fontname="宋体" fontsize="10.5">姓名：</span>
      <macro fontname="宋体" fontsize="10.5" type="macro" name="姓名">于连荣</macro>
      <span fontname="宋体" fontsize="10.5">    性别：</span>
      <macro fontname="宋体" fontsize="10.5" type="macro" name="性别">女</macro>
      <span fontname="宋体" fontsize="10.5">    年龄：</span>
      <macro fontname="宋体" fontsize="10.5" type="macro" name="年龄">60岁</macro>
      <span fontname="宋体" fontsize="10.5">    科别：</span>
      <macro fontname="宋体" fontsize="10.5" type="macro" name="科室">消化内分泌科</macro>
      <span fontname="宋体" fontsize="10.5">    床号：</span>
      <macro fontname="宋体" fontsize="10.5" type="macro" name="床号">60</macro>
      <span fontname="宋体" fontsize="10.5">    病案号：</span>
      <macro fontname="宋体" fontsize="10.5" type="macro" name="住院号">006826</macro>
      <eof />
    </p>
    <p align="0">
      <horizontalLine type="horizontalLine" name="水平线" lineHeight="2" percent="100" />
      <eof />
    </p>
  </header>
  <footer>
    <p>
      <horizontalLine lineHeight="1">
      </horizontalLine>
    </p>
    <p align="2">
      <span fontname="宋体" fontsize="10">第[%pageindex%]页 / 共[%pagecount%]页</span>
    </p>
  </footer>
  <underwritemarks />
  <savelogs>
    <savelog name="" time="2022-11-08 16:00:00" level="0" />
    <savelog name="王辉" time="2023-02-15 08:49:05" level="2" />
  </savelogs>
  <docsetting documentmodel="Edit" linespacing="27" title="" id="" modifytime="20230215084905" version="1.0" modifier="1" patientid="006826_1" />
  <body>
    <table align="1" title="" fixwidth="1" width="1902" hidden-all-border="0">
      <table-column columns-number="1">
        <column-width width="1902" />
      </table-column>
      <table-row>
        <table-cell caninsertenter="True" line-style="0" colspan="1" rowspan="1" halign="-1" valign="-1" border-width-top="1" border-width-right="1" border-width-bottom="0" border-width-left="1" width="1902" height="394" contentwidth="1862" contentheight="364" padding-top="20" padding-right="20" padding-bottom="10" padding-left="20" key1="" key2="" key3="">
          <p align="0">
            <span fontname="宋体" fontsize="10.5">    病情介绍和治疗建议：</span>
            <br />
            <span fontname="宋体" fontsize="10.5">    该患者临床诊断为           ，需要在局部麻醉下进行腹腔穿刺术。腹腔穿刺检查可以明确腹腔积液的性质，协助诊断；适量的抽出腹水，以减轻病人腹腔内的压力，缓解腹胀、胸闷、气急，呼吸困难等症状，减少静脉回流阻力，改善血液循环；向腹膜腔内注入药物。除本项操作外，还有影像学检查等方法，但具有局限性，不能完全替代本操作。</span>
            <eof />
          </p>
        </table-cell>
      </table-row>
      <table-row>
        <table-cell caninsertenter="True" line-style="0" colspan="1" rowspan="1" halign="-1" valign="-1" border-width-top="1" border-width-right="1" border-width-bottom="0" border-width-left="1" width="1902" height="2439" contentwidth="1862" contentheight="2409" padding-top="20" padding-right="20" padding-bottom="10" padding-left="20" key1="" key2="" key3="">
          <p align="0">
            <span fontname="宋体" fontsize="10.5">    根据患者病情需实施该项手术，但此手术存在一定的风险和可能出现手术并发症及其他无法预料的意外情况，为此特别郑重向患者或委托代理人交待术中或术后可能发生的意外情况及并发症，包括但不限于：</span>
            <br />
            <span fontname="宋体" fontsize="10.5">    1、任何麻醉都存在风险。</span>
            <br />
            <span fontname="宋体" fontsize="10.5">    2、任何所用药物都可能产生副作用，包括轻度的恶心、皮疹等症状到严重的过敏性休克，甚至危及生命。</span>
            <br />
            <span fontname="宋体" fontsize="10.5">    3、局部感染或败血症：局部穿刺点发生红、肿、热、痛，或全身感染如发热、寒战等。</span>
            <br />
            <span fontname="宋体" fontsize="10.5">    4、局麻药过敏，药物毒性反应。</span>
            <br />
            <span fontname="宋体" fontsize="10.5">    5、穿刺部位局部血肿。</span>
            <br />
            <span fontname="宋体" fontsize="10.5">    6、心血管症状：穿刺期间可发生高血压、脑血管意外、心律失常、心包填塞、心跳呼吸骤停等。</span>
            <br />
            <span fontname="宋体" fontsize="10.5">    7、穿刺及留置管失败。</span>
            <br />
            <span fontname="宋体" fontsize="10.5">    8、术中、术后出血、渗液、渗血，损伤周围神经、动脉、静脉，致出血、血肿形成，可能需要行二次手术。</span>
            <br />
            <span fontname="宋体" fontsize="10.5">    9、留置管折叠、折断、遗留、堵塞、滑脱等。</span>
            <br />
            <span fontname="宋体" fontsize="10.5">    10、穿刺损伤肠管，穿透肠管致感染性腹膜炎。</span>
            <br />
            <span fontname="宋体" fontsize="10.5">    11、穿刺损伤腹腔其他脏器，如膀胱、肝脏等。</span>
            <br />
            <span fontname="宋体" fontsize="10.5">    12、腹腔留置管处窦道形成、腹膜粘连。</span>
            <br />
            <span fontname="宋体" fontsize="10.5">    13、穿刺放液后可致血压下降或休克。</span>
            <br />
            <span fontname="宋体" fontsize="10.5">    14、术后胃肠道出血，应激性溃疡，严重者死亡。</span>
            <br />
            <span fontname="宋体" fontsize="10.5">    15、术中大出血，导致失血性休克，严重者死亡。</span>
            <br />
            <span fontname="宋体" fontsize="10.5">    16、如果卧床时间较长可能导致肺部感染，泌尿系统感染，褥疮，深静脉血栓及肺栓塞、脑栓塞等。</span>
            <br />
            <span fontname="宋体" fontsize="10.5">    17、其它目前无法预计的风险。</span>
            <br />
            <span fontname="宋体" fontsize="10.5">    针对该患者可能出现的特殊风险或主要高危因素：</span>
            <br />
            <br />
            <br />
            <span fontname="宋体" fontsize="10.5" fontbold="1">    特别提示：</span>
            <span fontname="宋体" fontsize="10.5">该手写的内容，是针对每一个不同患者所做的特别告知，对于上述并发症的发生，医生将会按照医学治疗原则进行常规预防，但可能难以完全避免，若发生上述风险及意外情况，医生会采取积极的救治措施。</span>
            <eof />
          </p>
        </table-cell>
      </table-row>
      <table-row>
        <table-cell caninsertenter="True" line-style="0" colspan="1" rowspan="1" halign="-1" valign="-1" border-width-top="1" border-width-right="1" border-width-bottom="0" border-width-left="1" width="1902" height="809" contentwidth="1862" contentheight="779" padding-top="20" padding-right="20" padding-bottom="10" padding-left="20" key1="" key2="" key3="">
          <p>
            <span fontname="宋体" fontsize="10.5">    患者知情选择</span>
            <br />
            <span fontname="宋体" fontsize="10.5">    ★我的医生已经告知我将要进行的治疗方式、此次操作及操作后可能发生的并发症和风险、可能存在的其它治疗方法并且解答了我关于此次手术的相关问题。</span>
            <br />
            <span fontname="宋体" fontsize="10.5">    ★我同意在操作中医生可以根据我的病情对预定的治疗方式做出调整。</span>
            <br />
            <span fontname="宋体" fontsize="10.5">    ★我并未得到操作百分之百成功的许诺。 </span>
            <br />
            <span fontname="宋体" fontsize="10.5">    ★我理解如果我患有高血压、心脏病、糖尿病、肝肾功能不全、静脉血栓等疾病或者有吸烟史、过敏史，以上这些风险可能会加大，或者在术中或术后出现相关的病情加重或心脑血管意外，甚至死亡。</span>
            <br />
            <span fontname="宋体" fontsize="10.5">    ★我理解我的操作治疗需要多位医生共同进行。</span>
            <br />
            <span fontname="宋体" fontsize="10.5">    ★我理解术后如果不遵医嘱，可能影响治疗效果。</span>
            <eof />
          </p>
        </table-cell>
      </table-row>
      <table-row>
        <table-cell caninsertenter="True" line-style="0" colspan="1" rowspan="1" halign="-1" valign="-1" border-width-top="1" border-width-right="1" border-width-bottom="0" border-width-left="1" width="1902" height="734" contentwidth="1862" contentheight="704" padding-top="20" padding-right="20" padding-bottom="10" padding-left="20" key1="" key2="" key3="">
          <p>
            <span fontname="宋体" fontsize="10.5">    医生向我详细告知了手术方案及可能发生的风险，我已经充分了解病情及医疗风险，经过慎重考虑，我志愿选择此项手术，并有充分的思想准备承担可能面临的风险及由此增加的医疗费用。特此签字为证：</span>
            <br />
            <span fontname="宋体" fontsize="10.5">    </span>
            <span fontname="宋体" fontsize="10.5" fontbold="1">患者或授权（法定）代理人意见：</span>
            <br />
            <span fontname="宋体" fontsize="10.5">    1、理解上述内容及风险                           2、同意手术治疗</span>
            <br />
            <span fontname="宋体" fontsize="10.5">    患者或授权（法定）代理人签字：                  代理人与患者关系：</span>
            <br />
            <span fontname="宋体" fontsize="10.5">    授权（法定）代理人通信地址：                    联系电话：</span>
            <br />
            <span fontname="宋体" fontsize="10.5">    授权（法定）代理人工作单位：                    年         月       日</span>
            <eof />
          </p>
          <p align="0">
            <eof />
          </p>
        </table-cell>
      </table-row>
      <table-row>
        <table-cell caninsertenter="True" line-style="0" colspan="1" rowspan="1" halign="-1" valign="-1" border-width-top="1" border-width-right="1" border-width-bottom="1" border-width-left="1" width="1902" height="485" contentwidth="1862" contentheight="455" padding-top="20" padding-right="20" padding-bottom="10" padding-left="20" key1="" key2="" key3="">
          <p>
            <span fontname="宋体" fontsize="10.5">    </span>
            <span fontname="宋体" fontsize="10.5" fontbold="1">医生陈述：</span>
            <br />
            <span fontname="宋体" fontsize="10.5">    我已经告知患者或授权（法定）代理人将要进行的手术方式、此处手术及术后可能发生的并发症和风险、可能存在的其他治疗方法并解答了患者关于此次手术的相关问题。</span>
            <eof />
          </p>
          <p align="0">
            <br />
            <span fontsize="10.5">    告知医师签名：                                   年        月       日</span>
            <eof />
          </p>
          <p align="0">
            <eof />
          </p>
        </table-cell>
      </table-row>
    </table>
    <p>
      <eof />
    </p>
  </body>
</document>