{
"args": {
    "content": "斯普德演示医院病程记录姓名：党新录    性别：女    年龄：61岁    科别：消化内分泌科    床号：1    病案号：016943第[%pageindex%]页术后病程记录2022-12-28 20:10:36  术后首次病程记录\t姓名：党新录，女，61岁，主因“ 尿频、尿急3天发热1天加重伴血尿7小时”。初步诊断：神经肌肉接头。手术经过：入院后完善各项术前常规检查，无手术禁忌症后于手术日期去手术室在麻醉下行“手术”。手术顺利，麻醉满意，术后病人安返回病房，给予抗炎，补液治疗，注意生命体征变化。简要病史：重症肌无力手术操作名称：眶切开活检术手术开始时间：2022-12-22 15:00:00手术结束时间：2022-12-22 17:00:00麻醉方式名称：局麻手术经过：重症肌无力，眼肌型患者取平卧位,双侧腹股沟消毒,范围上界平脐,下界平股骨中段,两侧为腋中线,铺开刀巾及无菌大单。取右侧腹股沟皮肤皱褶下1.5cm为皮肤穿刺点,18G穿刺针穿刺股动脉成功后导入穿刺导丝,经导丝置入5F血管鞘,肝素生理盐水冲洗鞘管后经静脉给予肝素2000单位。透视下经导丝引导猪尾导管置于升主动脉,撤导丝后导管接高压注射器,行主动脉弓造影,造影剂量25ml,流速20ml/s,压力800atm。肝素生理盐水冲洗后撤猪尾导管。透视下经导丝引单弯导管置于升主动脉,导管头端翘起,缓慢回撤导管,依次行右椎动脉、右侧颈动脉、左椎动脉、左侧颈动脉造影,手术顺利。手术后结果提示: 脑血管未见明显异常,左椎动脉为后循环优势供血。常规血管闭合术,术中出血约10ml,患者无任何不适,术毕安返病房。术后诊断：重症肌无力，眼肌型体格检查T：36.5 ℃P:76次/分R:18次/分BP:120/80 mmHg生命征： 体温 36.1 ℃ 脉搏 128 次/分 呼吸 22 次/分 血压 133/90 mmHg 身高 166cm 体重 66kg 体表面积 m2 KPS评分 40 分    发育正力型，营养良好，慢性面容，安静表情，自主体位，神志清醒，检查合作医师签名：王心刚签名日期时间：2022-12-23 00:00:00",
    "hospital": "415801168",
    "tmpl_type": "txt",
    "multi_task": true,
    "record_type": null,
    "extract_title": true,
    "load_latest_config": false
}
    }
