{
    "code": 0,
    "data": {
      "sample_rate": null,
      "sample_count": null,
      "result": {
        "record_type": "postoperative_first_case_info",
        "record_title": "术后首次病程记录",
        "record_date": null,
        "norm_result": {
          "record_date": [
            {
              "key": "术后病程记录",
              "value": "2022-12-28 20:10:36"
            }
          ],
          "patient_name": [
            {
              "key": "姓名：",
              "value": "党新录"
            },
            {
              "key": "姓名：",
              "value": "党新录，女，61岁，"
            }
          ],
          "age": [
            {
              "key": "年龄：",
              "value": "61岁"
            }
          ],
          "gender_name": [
            {
              "key": "性别：",
              "value": "女"
            }
          ],
          "bed_no": [
            {
              "key": "床号：",
              "value": "1"
            }
          ],
          "record_dept_name": [],
          "case_no": [
            {
              "key": "病案号：",
              "value": "016943第[%pageindex%]页"
            }
          ],
          "admit_date": [],
          "operation_date": [],
          "preoperative_diag": [],
          "intraoperative_diag_name": [],
          "intraoperative_transfusion": [],
          "postoperative_diag": [
            {
              "key": "术后诊断：",
              "value": "重症肌无力，眼肌型"
            }
          ],
          "operation_name": [
            {
              "key": "手术操作名称：",
              "value": "眶切开活检术"
            }
          ],
          "anesthetic_method_name": [
            {
              "key": "麻醉方式名称：",
              "value": "局麻"
            }
          ],
          "operation_process": [
            {
              "key": "手术经过：",
              "value": "入院后完善各项术前常规检查，无手术禁忌症后于手术日期去手术室在麻醉下行“手术”。手术顺利，麻醉满意，术后病人安返回病房，给予抗炎，补液治疗，注意生命体征变化。重症肌无力，眼肌型患者取平卧位,双侧腹股沟消毒,范围上界平脐,下界平股骨中段,两侧为腋中线,铺开刀巾及无菌大单。取右侧腹股沟皮肤皱褶下1.5cm为皮肤穿刺点,18G穿刺针穿刺股动脉成功后导入穿刺导丝,经导丝置入5F血管鞘,肝素生理盐水冲洗鞘管后经静脉给予肝素2000单位。透视下经导丝引导猪尾导管置于升主动脉,撤导丝后导管接高压注射器,行主动脉弓造影,造影剂量25ml,流速20ml/s,压力800atm。肝素生理盐水冲洗后撤猪尾导管。透视下经导丝引单弯导管置于升主动脉,导管头端翘起,缓慢回撤导管,依次行右椎动脉、右侧颈动脉、左椎动脉、左侧颈动脉造影,手术顺利。手术后结果提示: 脑血管未见明显异常,左椎动脉为后循环优势供血。常规血管闭合术,术中出血约10ml,患者无任何不适,术毕安返病房。"
            }
          ],
          "postoperative_risk": [],
          "postoperative_plan": [],
          "postoperative_attention": [],
          "doctor_sign": [
            {
              "key": "医师签名：",
              "value": "王心刚"
            }
          ],
          "sign_date": [
            {
              "key": "签名日期时间：",
              "value": "2022-12-23 00:00:00"
            }
          ],
          "agent_sign": [],
          "agent_sign_date": [],
          "agent_relation": [],
          "recorder_name": [],
          "other": [
            {
              "key": "科别：",
              "value": "消化内分泌科"
            },
            {
              "key": "术后首次病程",
              "value": "记录"
            }
          ],
          "subjective": [
            {
              "key": "主因",
              "value": "“ 尿频、尿急3天发热1天加重伴血尿7小时”。初步诊断：神经肌肉接头。"
            }
          ],
          "brief_medical_history": [
            {
              "key": "简要病史：",
              "value": "重症肌无力"
            }
          ],
          "operation_start_date": [
            {
              "key": "手术开始时间：",
              "value": "2022-12-22 15:00:00"
            }
          ],
          "operation_end_date": [
            {
              "key": "手术结束时间：",
              "value": "2022-12-22 17:00:00"
            }
          ],
          "physical_exam": [
            {
              "key": "体格检查",
              "value": "T：36.5 ℃P:76次/分R:18次/分BP:120/80 mmHg生命征： 体温 36.1 ℃ 脉搏 128 次/分 呼吸 22 次/分 血压 133/90 mmHg 身高 166cm 体重 66kg 体表面积 m2 KPS评分 40 分 发育正力型，营养良好，慢性面容，安静表情，自主体位，神志清醒，检查合作"
            }
          ],
          "key_metrics": [
            {
              "key": "T",
              "value": "36.5℃"
            },
            {
              "key": "P",
              "value": "128次/分"
            },
            {
              "key": "R",
              "value": "18次/分"
            },
            {
              "key": "BP",
              "value": "120/80mmHg"
            }
          ]
        },
        "norm_res_sub_seg": {},
        "raw_seg": [
          [
            "nonkey_contents:",
            "斯普德演示医院病程记录"
          ],
          [
            "姓名：",
            "党新录"
          ],
          [
            "性别：",
            "女"
          ],
          [
            "年龄：",
            "61岁"
          ],
          [
            "科别：",
            "消化内分泌科"
          ],
          [
            "床号：",
            "1"
          ],
          [
            "病案号：",
            "016943第[%pageindex%]页"
          ],
          [
            "术后病程记录",
            "2022-12-28 20:10:36"
          ],
          [
            "术后首次病程",
            "记录"
          ],
          [
            "姓名：",
            "党新录，女，61岁，"
          ],
          [
            "主因",
            "“ 尿频、尿急3天发热1天加重伴血尿7小时”。初步诊断：神经肌肉接头。"
          ],
          [
            "手术经过：",
            "入院后完善各项术前常规检查，无手术禁忌症后于手术日期去手术室在麻醉下行“手术”。手术顺利，麻醉满意，术后病人安返回病房，给予抗炎，补液治疗，注意生命体征变化。"
          ],
          [
            "简要病史：",
            "重症肌无力"
          ],
          [
            "手术操作名称：",
            "眶切开活检术"
          ],
          [
            "手术开始时间：",
            "2022-12-22 15:00:00"
          ],
          [
            "手术结束时间：",
            "2022-12-22 17:00:00"
          ],
          [
            "麻醉方式名称：",
            "局麻"
          ],
          [
            "手术经过：",
            "重症肌无力，眼肌型患者取平卧位,双侧腹股沟消毒,范围上界平脐,下界平股骨中段,两侧为腋中线,铺开刀巾及无菌大单。取右侧腹股沟皮肤皱褶下1.5cm为皮肤穿刺点,18G穿刺针穿刺股动脉成功后导入穿刺导丝,经导丝置入5F血管鞘,肝素生理盐水冲洗鞘管后经静脉给予肝素2000单位。透视下经导丝引导猪尾导管置于升主动脉,撤导丝后导管接高压注射器,行主动脉弓造影,造影剂量25ml,流速20ml/s,压力800atm。肝素生理盐水冲洗后撤猪尾导管。透视下经导丝引单弯导管置于升主动脉,导管头端翘起,缓慢回撤导管,依次行右椎动脉、右侧颈动脉、左椎动脉、左侧颈动脉造影,手术顺利。手术后结果提示: 脑血管未见明显异常,左椎动脉为后循环优势供血。常规血管闭合术,术中出血约10ml,患者无任何不适,术毕安返病房。"
          ],
          [
            "术后诊断：",
            "重症肌无力，眼肌型"
          ],
          [
            "体格检查",
            "T：36.5 ℃P:76次/分R:18次/分BP:120/80 mmHg生命征： 体温 36.1 ℃ 脉搏 128 次/分 呼吸 22 次/分 血压 133/90 mmHg 身高 166cm 体重 66kg 体表面积 m2 KPS评分 40 分 发育正力型，营养良好，慢性面容，安静表情，自主体位，神志清醒，检查合作"
          ],
          [
            "医师签名：",
            "王心刚"
          ],
          [
            "签名日期时间：",
            "2022-12-23 00:00:00"
          ]
        ],
        "msg": "ok",
        "code": 0
      }
    }
  }