<document>
  <pagesettings>
    <page kind="A4" width="790" height="1169" />
    <margins left="100" top="51" right="50" bottom="51" />
    <landscape value="False" />
  </pagesettings>
  <header>
    <p align="2">
      <span fontname="宋体" fontsize="16" fontbold="1">斯普德演示医院</span>
      <eof />
    </p>
    <p align="2">
      <span fontname="宋体" fontsize="16" fontbold="1">病程记录</span>
      <eof />
    </p>
    <p align="0">
      <span fontname="宋体" fontsize="10.5">姓名：</span>
      <macro fontname="宋体" fontsize="10.5" type="macro" name="姓名">刘学峰</macro>
      <span fontname="宋体" fontsize="10.5">    性别：</span>
      <macro fontname="宋体" fontsize="10.5" type="macro" name="性别">男</macro>
      <span fontname="宋体" fontsize="10.5">    年龄：</span>
      <macro fontname="宋体" fontsize="10.5" type="macro" name="年龄">
      </macro>
      <span fontname="宋体" fontsize="10.5">    科别：</span>
      <macro fontname="宋体" fontsize="10.5" type="macro" name="科室">消化内分泌科</macro>
      <span fontname="宋体" fontsize="10.5">    床号：</span>
      <macro fontname="宋体" fontsize="10.5" type="macro" name="床号">47</macro>
      <span fontname="宋体" fontsize="10.5">    病案号：</span>
      <macro fontname="宋体" fontsize="10.5" type="macro" name="住院号">006766</macro>
      <eof />
    </p>
    <p align="0">
      <horizontalLine type="horizontalLine" name="水平线" lineHeight="2" percent="100" />
      <eof />
    </p>
  </header>
  <footer>
    <p align="2">
      <span fontsize="10.5">第[%pageindex%]页</span>
      <eof />
    </p>
  </footer>
  <underwritemarks />
  <savelogs>
    <savelog name="" time="2022-11-25 19:04:30" level="0" />
    <savelog name="王辉" time="2023-02-15 08:27:53" level="2" />
  </savelogs>
  <docsetting documentmodel="Edit" linespacing="27" headlinespace="18" headheight="306" modifytime="20230215082753" version="1.0" modifier="1" showheader="True" showfooter="True" showheaderline="True" showfooterline="True" pagebackcolor="Color [White]" title="" id="" patientid="006766_1" />
  <body>
    <p>
      <text fontbold="1" fontsize="12" type="text" name="记录日期">2022-11-25 19:04:20</text>
      <span fontbold="1" fontsize="12">          </span>
      <text fontsize="12" type="text" name="标题">  </text>
      <eof />
    </p>
    <p>
      <span fontsize="12">	今日查房，</span>
      <span fontname="宋体" fontsize="12">患者一般情况</span>
      <helement fontname="宋体" fontsize="12" mustclick="False" code="" type="prompttext" name="录入提示">可</helement>
      <span fontname="宋体" fontsize="12">，</span>
      <roelement fontsize="12" type="fixedtext" name="体格检查" level="二级" print="True">体格检查</roelement>
      <span fontsize="12" type="fixedtext" name="标签" level="二级" print="True">:</span>
      <flag type="flag" name="定位符" code="" candelete="False" direction="Right" isholdspacewhenprint="False" />
      <span fontsize="12" type="fixedtext" name="标签" level="二级" print="True"> </span>
      <span mustclick="False" type="fixedtext" name="体格检查" text="有毒物质接触史" level="一级" print="True" fontsize="12" showborder="False" fontname="宋体">T</span>
      <span mustclick="False" type="singleelement" name="有毒物质接触史" text="有毒物质接触史" fontsize="12" fontname="宋体">：</span>
      <fnumelement mustclick="False" type="formatnumber" name="体温" text="有毒物质接触史" maxvalue="43" minvalue="34" length="4" decimalDigits="1" value="36.5" fontsize="12" code="" fontname="宋体">36.5</fnumelement>
      <span mustclick="False" type="singleelement" name="有毒物质接触史" text="有毒物质接触史" fontsize="12" fontname="宋体"> ℃ </span>
      <span mustclick="False" type="singleelement" name="意识" maxvalue="9999" minvalue="0" length="4" decimalDigits="0" value="0" text="清楚" fontsize="12" code="">精神</span>
      <selement mustclick="False" type="singleelement" name="精神" maxvalue="9999" minvalue="0" length="4" decimalDigits="0" value="0" text="可" fontsize="12" code="">
        <item selected="false" code="" group="">好</item>
        <item selected="true" code="" group="">可</item>
        <item selected="false" code="" group="">差</item>
      </selement>
      <span mustclick="False" type="formatnumber" name="收缩压" maxvalue="9999" minvalue="0" length="4" decimalDigits="0" value="0" fontsize="12">，咽</span>
      <selement mustclick="False" type="singleelement" name="单选" maxvalue="9999" minvalue="0" length="4" decimalDigits="0" value="0" fontsize="12" code="" text="充血">
        <item selected="true" code="" group="">充血</item>
        <item selected="false" code="" group="">稍充血</item>
        <item selected="false" code="" group="">无充血</item>
      </selement>
      <span mustclick="False" type="formatnumber" name="收缩压" maxvalue="9999" minvalue="0" length="4" decimalDigits="0" value="0" fontsize="12">，扁桃体</span>
      <selement mustclick="False" type="singleelement" name="单选" maxvalue="9999" minvalue="0" length="4" decimalDigits="0" value="0" fontsize="12" code="" text="无肿大">
        <item selected="true" code="" group="">无肿大</item>
        <item selected="false" code="" group="">Ⅰ°肿大</item>
        <item selected="false" code="" group="">Ⅱ°肿大</item>
        <item selected="false" code="" group="">Ⅲ°肿大</item>
      </selement>
      <span mustclick="False" type="singleelement" name="颈" maxvalue="9999" minvalue="0" length="4" decimalDigits="0" value="0" text="软" fontsize="12" code="">，颈</span>
      <selement mustclick="False" type="singleelement" name="单选" maxvalue="9999" minvalue="0" length="4" decimalDigits="0" value="0" text="软" fontsize="12" code="">
        <item selected="true" code="" group="">软</item>
        <item selected="false" code="" group="">强直</item>
      </selement>
      <selement mustclick="False" type="singleelement" name="单选" maxvalue="9999" minvalue="0" length="4" decimalDigits="0" value="0" text="无抵抗" fontsize="12" code="">
        <item selected="true" code="" group="">无抵抗</item>
        <item selected="false" code="" group="">有抵抗</item>
      </selement>
      <span mustclick="False" type="singleelement" name="颈" maxvalue="9999" minvalue="0" length="4" decimalDigits="0" value="0" text="软" fontsize="12" code="">，颈淋巴结未触及肿大，</span>
      <span mustclick="False" type="singleelement" name="甲状腺" maxvalue="9999" minvalue="0" length="4" decimalDigits="0" value="0" text="无肿大" fontsize="12" code="">双肺叩诊呈</span>
      <selement mustclick="False" type="multielement" name="叩诊音" maxvalue="9999" minvalue="0" length="4" decimalDigits="0" value="0" text="清音" fontsize="12" code="">
        <item selected="true" code="" group="">清音</item>
        <item selected="false" code="" group="">[浊音]</item>
        <item selected="false" code="" group="">[实音]</item>
        <item selected="false" code="" group="">[鼓音]</item>
        <item selected="false" code="" group="">[过清音]</item>
      </selement>
      <span mustclick="False" type="singleelement" name="甲状腺" maxvalue="9999" minvalue="0" length="4" decimalDigits="0" value="0" text="无肿大" fontsize="12" code="">，</span>
      <selement mustclick="False" type="singleelement" name="单选" maxvalue="9999" minvalue="0" length="4" decimalDigits="0" value="0" text="两肺" fontsize="12" code="">
        <item selected="true" code="" group="">两肺</item>
        <item selected="false" code="" group="">左肺</item>
        <item selected="false" code="" group="">右肺</item>
      </selement>
      <span mustclick="False" type="singleelement" name="甲状腺" maxvalue="9999" minvalue="0" length="4" decimalDigits="0" value="0" text="无肿大" fontsize="12" code="">呼吸音</span>
      <selement mustclick="False" type="singleelement" name="单选" maxvalue="9999" minvalue="0" length="4" decimalDigits="0" value="0" text="粗" fontsize="12" code="">
        <item selected="true" code="" group="">粗</item>
        <item selected="false" code="" group="">稍粗</item>
        <item selected="false" code="" group="">低</item>
      </selement>
      <span mustclick="False" type="singleelement" name="甲状腺" maxvalue="9999" minvalue="0" length="4" decimalDigits="0" value="0" text="无肿大" fontsize="12" code="">，</span>
      <selement mustclick="False" type="singleelement" name="闻及否" text="未闻及" maxvalue="300" minvalue="70" length="5" decimalDigits="1" value="120" fontsize="12" code="">
        <item selected="false" code="" group="">可闻及</item>
        <item selected="true" code="" group="">未闻及</item>
      </selement>
      <selement mustclick="False" type="multielement" name="啰音" text="干、湿性啰音" maxvalue="300" minvalue="70" length="5" decimalDigits="1" value="120" fontsize="12" code="">
        <item selected="true" code="" group="">干、湿性啰音</item>
        <item selected="false" code="" group="">湿啰音</item>
        <item selected="false" code="" group="">干啰音</item>
        <item selected="false" code="" group="">响亮性湿啰音</item>
        <item selected="false" code="" group="">非响亮性湿啰音</item>
        <item selected="false" code="" group="">粗湿啰音</item>
        <item selected="false" code="" group="">中湿啰音</item>
        <item selected="false" code="" group="">细湿啰音</item>
        <item selected="false" code="" group="">捻发音</item>
        <item selected="false" code="" group="">吸气早期湿啰音</item>
        <item selected="false" code="" group="">吸气后期湿啰音</item>
        <item selected="false" code="" group="">高调干啰音</item>
        <item selected="false" code="" group="">低调干啰音</item>
        <item selected="false" code="" group="">弥漫性干啰音</item>
        <item selected="false" code="" group="">局限性干啰音</item>
      </selement>
      <span mustclick="False" type="multielement" name="啰音" text="干、湿性啰音" maxvalue="300" minvalue="70" length="5" decimalDigits="1" value="120" fontsize="12" code="">；</span>
      <span mustclick="False" type="multielement" name="叩诊音" text="叩诊音" maxvalue="300" minvalue="70" length="5" decimalDigits="1" value="120" fontsize="12">心音有力，心率</span>
      <fnumelement mustclick="False" type="formatnumber" name="心率" text="叩诊音" maxvalue="300" minvalue="20" length="3" decimalDigits="0" value="80" fontsize="12" code="">80</fnumelement>
      <span mustclick="False" type="multielement" name="叩诊音" text="叩诊音" maxvalue="300" minvalue="70" length="5" decimalDigits="1" value="120" fontsize="12">次/分，律</span>
      <selement mustclick="False" type="singleelement" name="心率" text="齐" maxvalue="300" minvalue="70" length="5" decimalDigits="1" value="120" fontsize="12" code="">
        <item selected="true" code="" group="">齐</item>
        <item selected="false" code="" group="">不齐</item>
        <item selected="false" code="" group="">绝对不齐</item>
      </selement>
      <span mustclick="False" type="multielement" name="叩诊音" text="叩诊音" maxvalue="300" minvalue="70" length="5" decimalDigits="1" value="120" fontsize="12">，心脏</span>
      <selement mustclick="False" type="singleelement" name="杂音" text="各瓣膜听诊区未闻及杂音" maxvalue="300" minvalue="70" length="5" decimalDigits="1" value="120" fontsize="12" code="">
        <item selected="true" code="" group="">各瓣膜听诊区未闻及杂音</item>
        <item selected="false" code="" group="">[心脏杂音]</item>
      </selement>
      <span mustclick="False" type="singleelement" name="杂音" text="各瓣膜听诊区未闻及病理性杂音" maxvalue="300" minvalue="70" length="5" decimalDigits="1" value="120" fontsize="12" code="">。</span>
      <span mustclick="False" type="multielement" name="叩诊音" text="叩诊音" maxvalue="300" minvalue="70" length="5" decimalDigits="1" value="120" fontsize="12">腹</span>
      <selement mustclick="False" type="singleelement" name="形状" text="平坦" maxvalue="300" minvalue="70" length="5" decimalDigits="1" value="120" fontsize="12" code="">
        <item selected="true" code="" group="">平坦</item>
        <item selected="false" code="" group="">膨隆</item>
        <item selected="false" code="" group="">凹陷</item>
      </selement>
      <span mustclick="False" type="multielement" name="叩诊音" text="叩诊音" maxvalue="300" minvalue="70" length="5" decimalDigits="1" value="120" fontsize="12">，未见胃肠型及蠕动波，腹</span>
      <selement mustclick="False" type="singleelement" name="单选" text="软" maxvalue="300" minvalue="70" length="5" decimalDigits="1" value="120" fontsize="12" code="">
        <item selected="true" code="" group="">软</item>
        <item selected="false" code="" group="">紧</item>
      </selement>
      <span mustclick="False" type="multielement" name="叩诊音" text="叩诊音" maxvalue="300" minvalue="70" length="5" decimalDigits="1" value="120" fontsize="12">，</span>
      <selement mustclick="False" type="havenotelement" name="压痛反跳痛" text="无压痛、反跳痛、肌紧张" maxvalue="300" minvalue="70" length="5" decimalDigits="1" value="120" fontsize="12" prifix="有" postfix="无" code="">
        <item selected="false" code="" group="">压痛</item>
        <item selected="false" code="" group="">反跳痛</item>
        <item selected="false" code="" group="">肌紧张</item>
      </selement>
      <span mustclick="False" type="multielement" name="叩诊音" text="叩诊音" maxvalue="300" minvalue="70" length="5" decimalDigits="1" value="120" fontsize="12">，肝脏</span>
      <selement mustclick="False" type="singleelement" name="肝脏" text="未触及" maxvalue="300" minvalue="70" length="5" decimalDigits="1" value="120" fontsize="12" code="">
        <item selected="true" code="" group="">未触及</item>
        <item selected="false" code="" group="">触及，肋下{几}cm</item>
        <item selected="false" code="" group="">触及，剑突下{几}cm</item>
      </selement>
      <span mustclick="False" type="multielement" name="叩诊音" text="叩诊音" maxvalue="300" minvalue="70" length="5" decimalDigits="1" value="120" fontsize="12">，脾脏</span>
      <selement mustclick="False" type="singleelement" name="脾脏" text="未触及" maxvalue="300" minvalue="70" length="5" decimalDigits="1" value="120" fontsize="12" code="">
        <item selected="true" code="" group="">未触及</item>
        <item selected="false" code="" group="">触及，肋下{几} cm</item>
      </selement>
      <span mustclick="False" type="multielement" name="叩诊音" text="叩诊音" maxvalue="300" minvalue="70" length="5" decimalDigits="1" value="120" fontsize="12">，肠鸣音</span>
      <selement mustclick="False" type="singleelement" name="肠鸣音" text="正常" maxvalue="300" minvalue="70" length="5" decimalDigits="1" value="120" fontsize="12" code="">
        <item selected="true" code="" group="">正常</item>
        <item selected="false" code="" group="">亢进</item>
        <item selected="false" code="" group="">减弱</item>
        <item selected="false" code="" group="">消失</item>
      </selement>
      <span mustclick="False" type="multielement" name="叩诊音" text="叩诊音" maxvalue="300" minvalue="70" length="5" decimalDigits="1" value="120" fontsize="12">。余查体未见异常,患儿已痊愈，经上级医师指示今日出院。</span>
      <flag type="flag" name="定位符" code="" candelete="False" direction="Left" isholdspacewhenprint="False" />
      <eof />
    </p>
    <p align="1">
      <macro fontsize="12" type="macro" name="医师签名">王辉</macro>
      <eof />
    </p>
  </body>
</document>