<document>
  <pagesettings>
    <page kind="A4" width="790" height="1169" />
    <margins left="100" top="51" right="50" bottom="51" />
    <landscape value="False" />
  </pagesettings>
  <header>
    <p align="2">
      <span fontname="宋体" fontsize="16" fontbold="1">斯普德演示医院</span>
      <eof />
    </p>
    <p align="2">
      <span fontname="宋体" fontsize="16" fontbold="1">病程记录</span>
      <eof />
    </p>
    <p align="0">
      <span fontname="宋体" fontsize="10.5">姓名：</span>
      <macro fontname="宋体" fontsize="10.5" type="macro" name="姓名">胡芝清</macro>
      <span fontname="宋体" fontsize="10.5">    性别：</span>
      <macro fontname="宋体" fontsize="10.5" type="macro" name="性别">男</macro>
      <span fontname="宋体" fontsize="10.5">    年龄：</span>
      <macro fontname="宋体" fontsize="10.5" type="macro" name="年龄">35岁</macro>
      <span fontname="宋体" fontsize="10.5">    科别：</span>
      <macro fontname="宋体" fontsize="10.5" type="macro" name="科室">消化内分泌科</macro>
      <span fontname="宋体" fontsize="10.5">    床号：</span>
      <macro fontname="宋体" fontsize="10.5" type="macro" name="床号">62</macro>
      <span fontname="宋体" fontsize="10.5">    病案号：</span>
      <macro fontname="宋体" fontsize="10.5" type="macro" name="住院号">006940</macro>
      <eof />
    </p>
    <p align="0">
      <horizontalLine type="horizontalLine" name="水平线" lineHeight="2" percent="100" />
      <eof />
    </p>
  </header>
  <footer>
    <p>
      <eof />
    </p>
    <p align="2">
      <span fontsize="10.5">第[%pageindex%]页</span>
      <eof />
    </p>
  </footer>
  <underwritemarks />
  <savelogs>
    <savelog name="" time="2022-11-25 20:45:18" level="0" />
    <savelog name="管理员" time="2022-11-29 09:55:21" level="2" />
    <savelog name="" time="2022-12-13 12:30:59" level="0" />
    <savelog name="" time="2022-12-15 14:49:12" level="0" />
    <savelog name="" time="2023-02-15 08:08:09" level="0" />
  </savelogs>
  <docsetting documentmodel="Edit" linespacing="27" title="" id="" modifytime="20230215080809" version="1.0" modifier="4" patientid="006940_1" />
  <body>
    <p align="2">
      <roelement type="fixedtext" name="固定文本" level="" print="True" showborder="False" fontbold="1" fontsize="14">首次病程记录</roelement>
      <eof />
    </p>
    <p align="0">
      <text fontbold="1" fontsize="12" type="text" name="记录日期">2022-11-25 20:45:00</text>
      <span fontbold="1" fontsize="12">          </span>
      <text fontsize="12" type="text" name="标题">   </text>
      <eof />
    </p>
    <p>
      <span type="fixedtext" name="T病程记录1" level="一级" print="False" fontsize="12" showborder="False">	</span>
      <span fontsize="12">患者</span>
      <macro type="macro" name="姓名" fontsize="12">胡芝清</macro>
      <span type="macro" name="姓名" fontsize="12">，</span>
      <macro type="macro" name="性别" fontsize="12">男</macro>
      <span type="macro" name="性别" fontsize="12">性</span>
      <span fontsize="12">，</span>
      <macro type="macro" name="年龄" fontsize="12">35岁</macro>
      <span type="macro" name="年龄" fontsize="12">，</span>
      <macro type="macro" name="民族" fontsize="12">汉族</macro>
      <span type="macro" name="年龄" fontsize="12">,</span>
      <macro type="macro" name="职业" fontsize="12">
      </macro>
      <span type="macro" name="年龄" fontsize="12">，</span>
      <macro type="macro" name="住址" fontsize="12">
      </macro>
      <span type="macro" name="年龄" fontsize="12">,主</span>
      <span fontsize="12" fontname="宋体">因</span>
      <roelement fontsize="10.5" fontname="宋体" type="fixedtext" name="" level="" print="False">
      </roelement>
      <roelement fontsize="12" fontname="宋体" type="fixedtext" name="主诉" level="二级" print="False">主诉</roelement>
      <flag type="flag" name="定位符" code="" candelete="False" direction="Right" isholdspacewhenprint="False" />
      <flag type="flag" name="定位符" code="" candelete="False" direction="Left" isholdspacewhenprint="False" />
      <span fontsize="12" type="replace" name="主诉" level="" print="True" fontname="宋体">于</span>
      <macro fontsize="12" type="macro" name="入科时间" level="" print="True" fontname="宋体">2017年02月07日 19:41</macro>
      <span fontsize="12" type="macro" name="入院时间" level="" print="True" fontname="宋体">入院</span>
      <span fontsize="12">。</span>
      <eof />
    </p>
    <p align="0">
      <roelement type="fixedtext" name="病例特点" level="一级" print="True" showborder="False" fontsize="12" fontbold="1">病例特点</roelement>
      <span type="fixedtext" name="一　病例特点：" level="一级" print="True" showborder="False" fontsize="12">：</span>
      <eof />
    </p>
    <p align="0">
      <span type="fixedtext" name="一　病例特点：" level="一级" print="True" showborder="False" fontsize="12">　　</span>
      <span type="fixedtext" name="一　病例特点：" level="二级" print="True" fontsize="12">1</span>
      <span fontsize="12">.患者为</span>
      <selement fontsize="12" mustclick="False" code="" type="singleelement" name="年纪" text="老年">
        <item selected="true" code="" group="">老年</item>
        <item selected="false" code="" group="">中年</item>
        <item selected="false" code="" group="">青年</item>
      </selement>
      <macro fontsize="12" mustclick="False" code="" type="macro" name="性别" text="老年">男</macro>
      <span fontsize="12" mustclick="False" code="" type="macro" name="性别" text="老年">性</span>
      <span fontsize="12">。</span>
      <eof />
    </p>
    <p>
      <span fontsize="12">	2.</span>
      <roelement fontsize="12" type="fixedtext" name="现病史" level="二级" print="False">现病史</roelement>
      <flag type="flag" name="定位符" code="" candelete="False" direction="Right" isholdspacewhenprint="False" />
      <flag type="flag" name="定位符" code="" candelete="True" direction="Left" isholdspacewhenprint="True" />
      <eof />
    </p>
    <p align="0">
      <span type="replace" name="症状" showborder="False" fontsize="12">　　3</span>
      <span fontsize="12">.</span>
      <roelement fontsize="12" type="fixedtext" name="既往史" level="二级" print="False">既往史</roelement>
      <flag type="flag" name="定位符" code="" candelete="False" direction="Right" isholdspacewhenprint="False" />
      <flag type="flag" name="定位符" code="" candelete="False" direction="Left" isholdspacewhenprint="False" />
      <span fontsize="12" mustclick="False" code="" type="multielement" name="过敏史" text="否认食物、药物过敏史">。</span>
      <eof />
    </p>
    <p align="0">
      <span type="replace" name="专科情况" showborder="False" fontsize="12">　　4</span>
      <span fontsize="12">.</span>
      <roelement fontsize="12" type="fixedtext" name="体格检查" level="二级" print="True">体格检查</roelement>
      <span fontsize="12" type="fixedtext" name="标签" level="二级" print="True">:</span>
      <flag type="flag" name="定位符" code="" candelete="False" direction="Right" isholdspacewhenprint="False" />
      <span fontsize="12" type="fixedtext" name="标签" level="二级" print="True"> </span>
      <span mustclick="False" type="fixedtext" name="体格检查" text="有毒物质接触史" level="一级" print="True" fontsize="12" showborder="False" fontname="宋体">T</span>
      <span mustclick="False" type="singleelement" name="有毒物质接触史" text="有毒物质接触史" fontsize="12" fontname="宋体">：</span>
      <fnumelement mustclick="False" type="formatnumber" name="体温" text="有毒物质接触史" maxvalue="43" minvalue="34" length="4" decimalDigits="1" value="36.5" fontsize="12" code="" fontname="宋体">36.5</fnumelement>
      <span mustclick="False" type="singleelement" name="有毒物质接触史" text="有毒物质接触史" fontsize="12" fontname="宋体"> ℃    P:</span>
      <fnumelement mustclick="False" type="formatnumber" name="脉搏" text="有毒物质接触史" maxvalue="300" minvalue="10" length="4" decimalDigits="0" value="80" fontsize="12" code="" fontname="宋体">80</fnumelement>
      <span mustclick="False" type="singleelement" name="有毒物质接触史" text="有毒物质接触史" fontsize="12" fontname="宋体">次/分    R:</span>
      <fnumelement mustclick="False" type="formatnumber" name="呼吸" text="有毒物质接触史" maxvalue="60" minvalue="0" length="3" decimalDigits="0" value="18" fontsize="12" code="" fontname="宋体">18</fnumelement>
      <span mustclick="False" type="singleelement" name="有毒物质接触史" text="有毒物质接触史" fontsize="12" fontname="宋体">次/分    BP:</span>
      <fnumelement mustclick="False" type="formatnumber" name="收缩压" text="有毒物质接触史" maxvalue="300" minvalue="0" length="5" decimalDigits="1" value="120" fontsize="12" code="" fontname="宋体">120</fnumelement>
      <span mustclick="False" type="singleelement" name="有毒物质接触史" text="有毒物质接触史" fontsize="12" fontname="宋体">/</span>
      <fnumelement mustclick="False" type="formatnumber" name="舒张压" text="有毒物质接触史" maxvalue="200" minvalue="0" length="5" decimalDigits="1" value="80" fontsize="12" code="" fontname="宋体">80</fnumelement>
      <span mustclick="False" type="formatnumber" name="收缩压" text="有毒物质接触史" maxvalue="300" minvalue="70" length="5" decimalDigits="1" value="120" fontsize="12" fontname="宋体"> mmHg</span>
      <eof />
    </p>
    <p>
      <span mustclick="False" type="formatnumber" name="收缩压" text="有毒物质接触史" maxvalue="300" minvalue="70" length="5" decimalDigits="1" value="120" fontsize="12" fontname="宋体">	发育正常，营养</span>
      <selement mustclick="False" type="singleelement" name="单选" text="中等" maxvalue="300" minvalue="70" length="5" decimalDigits="1" value="120" fontsize="12" fontname="宋体" code="">
        <item selected="false" code="" group="">差</item>
        <item selected="true" code="" group="">中等</item>
        <item selected="false" code="" group="">良好</item>
      </selement>
      <span mustclick="False" type="formatnumber" name="收缩压" text="有毒物质接触史" maxvalue="300" minvalue="70" length="5" decimalDigits="1" value="120" fontsize="12" fontname="宋体">，</span>
      <span mustclick="False" type="formatnumber" name="收缩压" maxvalue="9999" minvalue="0" length="4" decimalDigits="0" value="0" fontsize="12">神志</span>
      <selement mustclick="False" type="singleelement" name="意识" maxvalue="9999" minvalue="0" length="4" decimalDigits="0" value="0" text="清楚" fontsize="12" code="">
        <item selected="true" code="" group="">清楚</item>
        <item selected="false" code="" group="">嗜睡</item>
        <item selected="false" code="" group="">模糊</item>
        <item selected="false" code="" group="">昏睡</item>
        <item selected="false" code="" group="">谵妄</item>
        <item selected="false" code="" group="">浅昏迷</item>
        <item selected="false" code="" group="">深昏迷</item>
      </selement>
      <span mustclick="False" type="singleelement" name="意识" maxvalue="9999" minvalue="0" length="4" decimalDigits="0" value="0" text="清楚" fontsize="12" code="">，言语</span>
      <selement mustclick="False" type="singleelement" name="言语" maxvalue="9999" minvalue="0" length="4" decimalDigits="0" value="0" text="流利" fontsize="12" code="">
        <item selected="true" code="" group="">流利</item>
        <item selected="false" code="" group="">蹇涩</item>
        <item selected="false" code="" group="">欠流利</item>
      </selement>
      <span mustclick="False" type="singleelement" name="意识" maxvalue="9999" minvalue="0" length="4" decimalDigits="0" value="0" text="清楚" fontsize="12" code="">，精神</span>
      <selement mustclick="False" type="singleelement" name="精神" maxvalue="9999" minvalue="0" length="4" decimalDigits="0" value="0" text="可" fontsize="12" code="">
        <item selected="false" code="" group="">好</item>
        <item selected="true" code="" group="">可</item>
        <item selected="false" code="" group="">差</item>
      </selement>
      <span mustclick="False" type="formatnumber" name="收缩压" maxvalue="9999" minvalue="0" length="4" decimalDigits="0" value="0" fontsize="12">，查体</span>
      <selement mustclick="False" type="singleelement" name="配合检查" maxvalue="9999" minvalue="0" length="4" decimalDigits="0" value="0" text="合作" fontsize="12" code="">
        <item selected="true" code="" group="">合作</item>
        <item selected="false" code="" group="">不合作</item>
        <item selected="false" code="" group="">较合作</item>
      </selement>
      <span mustclick="False" type="formatnumber" name="收缩压" maxvalue="9999" minvalue="0" length="4" decimalDigits="0" value="0" fontsize="12">。双侧瞳孔</span>
      <selement mustclick="False" type="singleelement" name="瞳孔" maxvalue="9999" minvalue="0" length="4" decimalDigits="0" value="0" text="正大等圆" fontsize="12" code="">
        <item selected="true" code="" group="">正大等圆</item>
        <item selected="false" code="" group="">不等</item>
      </selement>
      <span mustclick="False" type="formatnumber" name="收缩压" maxvalue="9999" minvalue="0" length="4" decimalDigits="0" value="0" fontsize="12">，对光反射</span>
      <selement mustclick="False" type="singleelement" name="对光反射" maxvalue="9999" minvalue="0" length="4" decimalDigits="0" value="0" text="灵敏" fontsize="12" code="">
        <item selected="true" code="" group="">灵敏</item>
        <item selected="false" code="" group="">迟钝</item>
        <item selected="false" code="" group="">消失</item>
      </selement>
      <span mustclick="False" type="singleelement" name="对光反射" maxvalue="9999" minvalue="0" length="4" decimalDigits="0" value="0" text="灵敏" fontsize="12" code="">。</span>
      <span mustclick="False" type="multielement" name="口腔粘膜" maxvalue="9999" minvalue="0" length="4" decimalDigits="0" value="0" text="正常" fontsize="12" code="">口角</span>
      <selement mustclick="False" type="singleelement" name="不歪" maxvalue="9999" minvalue="0" length="4" decimalDigits="0" value="0" text="不歪" fontsize="12" code="">
        <item selected="true" code="" group="">不歪</item>
        <item selected="false" code="" group="">左歪</item>
        <item selected="false" code="" group="">右歪</item>
      </selement>
      <span mustclick="False" type="multielement" name="口腔粘膜" maxvalue="9999" minvalue="0" length="4" decimalDigits="0" value="0" text="正常" fontsize="12" code="">，</span>
      <span mustclick="False" type="formatnumber" name="收缩压" maxvalue="9999" minvalue="0" length="4" decimalDigits="0" value="0" fontsize="12">伸舌</span>
      <selement mustclick="False" type="singleelement" name="居中" maxvalue="9999" minvalue="0" length="4" decimalDigits="0" value="0" fontsize="12" code="" text="居中">
        <item selected="false" code="" group="">居中</item>
        <item selected="false" code="" group="">偏左</item>
        <item selected="false" code="" group="">偏右</item>
      </selement>
      <span mustclick="False" type="formatnumber" name="收缩压" maxvalue="9999" minvalue="0" length="4" decimalDigits="0" value="0" fontsize="12">，颈</span>
      <selement mustclick="False" type="singleelement" name="颈" maxvalue="9999" minvalue="0" length="4" decimalDigits="0" value="0" text="软" fontsize="12" code="">
        <item selected="true" code="" group="">软</item>
        <item selected="false" code="" group="">强直</item>
      </selement>
      <selement mustclick="False" type="singleelement" name="经抵抗" maxvalue="9999" minvalue="0" length="4" decimalDigits="0" value="0" text="无抵抗" fontsize="12" code="">
        <item selected="true" code="" group="">无抵抗</item>
        <item selected="false" code="" group="">有抵抗</item>
      </selement>
      <span mustclick="False" type="singleelement" name="颈" maxvalue="9999" minvalue="0" length="4" decimalDigits="0" value="0" text="软" fontsize="12" code="">，</span>
      <span mustclick="False" type="singleelement" name="甲状腺" maxvalue="9999" minvalue="0" length="4" decimalDigits="0" value="0" text="无肿大" fontsize="12" code="">胸廓</span>
      <selement mustclick="False" type="multielement" name="胸廓" maxvalue="9999" minvalue="0" length="4" decimalDigits="0" value="0" text="对称" fontsize="12" code="">
        <item selected="true" code="" group="">对称</item>
        <item selected="false" code="" group="">桶状胸</item>
        <item selected="false" code="" group="">扁平胸</item>
        <item selected="false" code="" group="">鸡胸</item>
        <item selected="false" code="" group="">漏斗胸</item>
        <item selected="false" code="" group="">佝偻病串珠</item>
      </selement>
      <span mustclick="False" type="multielement" name="胸廓" maxvalue="9999" minvalue="0" length="4" decimalDigits="0" value="0" text="胸廓" fontsize="12" code="">，</span>
      <selement mustclick="False" type="singleelement" name="胸压痛" maxvalue="9999" minvalue="0" length="4" decimalDigits="0" value="0" text="无压痛" fontsize="12" code="">
        <item selected="true" code="" group="">无压痛</item>
        <item selected="false" code="" group="">有压痛</item>
      </selement>
      <span mustclick="False" type="singleelement" name="甲状腺" maxvalue="9999" minvalue="0" length="4" decimalDigits="0" value="0" text="无肿大" fontsize="12" code="">，双肺叩诊呈</span>
      <selement mustclick="False" type="multielement" name="叩诊音" maxvalue="9999" minvalue="0" length="4" decimalDigits="0" value="0" text="清音" fontsize="12" code="">
        <item selected="true" code="" group="">清音</item>
        <item selected="false" code="" group="">[浊音]</item>
        <item selected="false" code="" group="">[实音]</item>
        <item selected="false" code="" group="">[鼓音]</item>
        <item selected="false" code="" group="">[过清音]</item>
      </selement>
      <span mustclick="False" type="singleelement" name="甲状腺" maxvalue="9999" minvalue="0" length="4" decimalDigits="0" value="0" text="无肿大" fontsize="12" code="">，</span>
      <selement mustclick="False" type="multielement" name="呼吸音" maxvalue="9999" minvalue="0" length="4" decimalDigits="0" value="0" text="呼吸音清" fontsize="12" code="">
        <item selected="true" code="" group="">呼吸音清</item>
        <item selected="false" code="" group="">呼吸音粗</item>
        <item selected="false" code="" group="">异常支气管呼吸音</item>
        <item selected="false" code="" group="">异常支气管肺泡呼吸音</item>
        <item selected="false" code="" group="">异常肺泡呼吸音</item>
      </selement>
      <span mustclick="False" type="singleelement" name="甲状腺" maxvalue="9999" minvalue="0" length="4" decimalDigits="0" value="0" text="无肿大" fontsize="12" code="">，</span>
      <selement mustclick="False" type="singleelement" name="闻及否" text="未闻及" maxvalue="300" minvalue="70" length="5" decimalDigits="1" value="120" fontsize="12" code="">
        <item selected="false" code="" group="">可闻及</item>
        <item selected="true" code="" group="">未闻及</item>
      </selement>
      <selement mustclick="False" type="multielement" name="啰音" text="干、湿性啰音" maxvalue="300" minvalue="70" length="5" decimalDigits="1" value="120" fontsize="12" code="">
        <item selected="true" code="" group="">干、湿性啰音</item>
        <item selected="false" code="" group="">湿啰音</item>
        <item selected="false" code="" group="">干啰音</item>
        <item selected="false" code="" group="">响亮性湿啰音</item>
        <item selected="false" code="" group="">非响亮性湿啰音</item>
        <item selected="false" code="" group="">粗湿啰音</item>
        <item selected="false" code="" group="">中湿啰音</item>
        <item selected="false" code="" group="">细湿啰音</item>
        <item selected="false" code="" group="">捻发音</item>
        <item selected="false" code="" group="">吸气早期湿啰音</item>
        <item selected="false" code="" group="">吸气后期湿啰音</item>
        <item selected="false" code="" group="">高调干啰音</item>
        <item selected="false" code="" group="">低调干啰音</item>
        <item selected="false" code="" group="">弥漫性干啰音</item>
        <item selected="false" code="" group="">局限性干啰音</item>
      </selement>
      <span mustclick="False" type="multielement" name="啰音" text="干、湿性啰音" maxvalue="300" minvalue="70" length="5" decimalDigits="1" value="120" fontsize="12" code="">；</span>
      <selement mustclick="False" type="singleelement" name="心前区隆起" text="心前区无隆起" maxvalue="300" minvalue="70" length="5" decimalDigits="1" value="120" fontsize="12" code="">
        <item selected="true" code="" group="">心前区无隆起</item>
        <item selected="false" code="" group="">心前区隆起</item>
      </selement>
      <span mustclick="False" type="singleelement" name="心前区隆起" text="心前区无隆起" maxvalue="300" minvalue="70" length="5" decimalDigits="1" value="120" fontsize="12" code="">，触诊</span>
      <selement mustclick="False" type="singleelement" name="触诊" text="无震颤" maxvalue="300" minvalue="70" length="5" decimalDigits="1" value="120" fontsize="12" code="">
        <item selected="false" code="" group="">有震颤</item>
        <item selected="true" code="" group="">无震颤</item>
      </selement>
      <span mustclick="False" type="singleelement" name="心前区隆起" text="心前区无隆起" maxvalue="300" minvalue="70" length="5" decimalDigits="1" value="120" fontsize="12" code="">，</span>
      <span mustclick="False" type="multielement" name="叩诊音" text="叩诊音" maxvalue="300" minvalue="70" length="5" decimalDigits="1" value="120" fontsize="12">心浊音界</span>
      <selement mustclick="False" type="singleelement" name="相对浊音界" text="正常" maxvalue="300" minvalue="70" length="5" decimalDigits="1" value="120" fontsize="12" code="">
        <item selected="true" code="" group="">正常</item>
        <item selected="false" code="" group="">扩大</item>
        <item selected="false" code="" group="">缩小</item>
      </selement>
      <span mustclick="False" type="multielement" name="叩诊音" text="叩诊音" maxvalue="300" minvalue="70" length="5" decimalDigits="1" value="120" fontsize="12">，心率</span>
      <fnumelement mustclick="False" type="formatnumber" name="心率" text="叩诊音" maxvalue="300" minvalue="20" length="3" decimalDigits="0" value="80" fontsize="12" code="">80</fnumelement>
      <span mustclick="False" type="multielement" name="叩诊音" text="叩诊音" maxvalue="300" minvalue="70" length="5" decimalDigits="1" value="120" fontsize="12">次/分，律</span>
      <selement mustclick="False" type="singleelement" name="心率" text="齐" maxvalue="300" minvalue="70" length="5" decimalDigits="1" value="120" fontsize="12" code="">
        <item selected="true" code="" group="">齐</item>
        <item selected="false" code="" group="">不齐</item>
        <item selected="false" code="" group="">绝对不齐</item>
      </selement>
      <span mustclick="False" type="multielement" name="叩诊音" text="叩诊音" maxvalue="300" minvalue="70" length="5" decimalDigits="1" value="120" fontsize="12">，心脏</span>
      <selement mustclick="False" type="singleelement" name="杂音" text="各瓣膜听诊区未闻及病理性杂音" maxvalue="300" minvalue="70" length="5" decimalDigits="1" value="120" fontsize="12" code="">
        <item selected="true" code="" group="">各瓣膜听诊区未闻及病理性杂音</item>
        <item selected="false" code="" group="">[心脏杂音]</item>
      </selement>
      <span mustclick="False" type="singleelement" name="杂音" text="各瓣膜听诊区未闻及病理性杂音" maxvalue="300" minvalue="70" length="5" decimalDigits="1" value="120" fontsize="12" code="">。</span>
      <flag type="flag" name="定位符" code="" candelete="True" direction="Left" isholdspacewhenprint="True" />
      <roelement type="fixedtext" name="专科情况" level="二级" print="True">专科情况</roelement>
      <flag type="flag" name="定位符" code="" candelete="True" direction="Right" isholdspacewhenprint="True" />
      <flag type="flag" name="定位符" code="" candelete="True" direction="Left" isholdspacewhenprint="False" />
      <eof />
    </p>
    <p align="0">
      <span fontsize="12" type="replace" name="专科情况(体检)" level="" print="True">    5.</span>
      <roelement fontsize="12" type="fixedtext" name="辅助检查" level="二级" print="True">辅助检查</roelement>
      <span fontsize="12" type="fixedtext" name="辅助检查" level="二级" print="True">:</span>
      <flag type="flag" name="定位符" code="" candelete="False" direction="Right" isholdspacewhenprint="False" />
      <flag type="flag" name="定位符" code="" candelete="True" direction="Left" isholdspacewhenprint="False" />
      <eof />
    </p>
    <p align="0">
      <roelement type="fixedtext" name="初步诊断" level="一级" print="True" fontsize="12" showborder="False" fontbold="1">初步诊断</roelement>
      <span type="fixedtext" name="二　诊断：" level="二级" print="True" fontsize="12" showborder="False">：</span>
      <eof />
    </p>
    <p align="0">
      <roelement type="fixedtext" name="诊断依据" level="" print="True" fontsize="12" showborder="False" fontbold="1">诊断依据</roelement>
      <span type="fixedtext" name="二　诊断：" level="二级" print="True" fontsize="12" showborder="False">：</span>
      <eof />
    </p>
    <p align="0">
      <roelement type="fixedtext" name="鉴别诊断" level="二级" print="True" fontsize="12" showborder="False" fontname="宋体" fontbold="1">鉴别诊断</roelement>
      <span type="replace" name="初步诊断" level="二级" print="True" fontsize="12" showborder="False" fontname="宋体">：</span>
      <eof />
    </p>
    <p align="0">
      <roelement type="fixedtext" name="病情评估" level="一级" print="True" fontsize="12" showborder="False" fontname="宋体" fontbold="1">病情评估</roelement>
      <span type="replace" name="初步诊断" level="二级" print="True" fontsize="12" showborder="False" fontname="宋体">：</span>
      <eof />
    </p>
    <p align="0">
      <roelement type="fixedtext" name="诊疗计划" event="鉴别诊断" print="True" level="一级" fontsize="12" showborder="False" fontbold="1">诊疗计划</roelement>
      <span type="fixedtext" name="五　诊疗计划：" event="鉴别诊断" print="True" level="二级" fontsize="12" showborder="False">：1.给予外科入院护理常规</span>
      <selement type="singleelement" name="单选" event="鉴别诊断" print="True" level="二级" fontsize="12" showborder="False" mustclick="False" code="" text="Ⅱ">
        <item selected="false" code="" group="">Ι</item>
        <item selected="true" code="" group="">Ⅱ</item>
        <item selected="false" code="" group="">特级</item>
      </selement>
      <span type="fixedtext" name="五　诊疗计划：" event="鉴别诊断" print="True" level="二级" fontsize="12" showborder="False">级护理，完善相关入院检查。</span>
      <eof />
    </p>
    <table align="1" title="" fixwidth="1" width="1902" hidden-all-border="1">
      <table-column columns-number="2">
        <column-width width="951" />
        <column-width width="951" />
      </table-column>
      <table-row>
        <table-cell caninsertenter="True" line-style="0" colspan="1" rowspan="1" halign="-1" valign="-1" border-width-top="0" border-width-right="0" border-width-bottom="0" border-width-left="0" width="951" height="88" contentwidth="911" contentheight="58" padding-top="20" padding-right="20" padding-bottom="10" padding-left="20" key1="" key2="" key3="">
          <p>
            <eof />
          </p>
        </table-cell>
        <table-cell caninsertenter="True" line-style="0" colspan="1" rowspan="1" halign="-1" valign="-1" border-width-top="0" border-width-right="0" border-width-bottom="0" border-width-left="0" width="951" height="88" contentwidth="911" contentheight="58" padding-top="20" padding-right="20" padding-bottom="10" padding-left="20" key1="" key2="" key3="">
          <p>
            <span type="fixedtext" name="五　诊疗计划：" event="鉴别诊断" print="True" level="二级" fontsize="12" showborder="False">                         </span>
            <macro type="macro" name="医师签名" event="鉴别诊断" print="True" level="二级" fontsize="12" showborder="False">王辉</macro>
            <eof />
          </p>
        </table-cell>
      </table-row>
    </table>
    <p align="0">
      <eof />
    </p>
  </body>
</document>