{
    "args": {
        "content": "斯普德演示医院 病程记录 姓名： 党新录 性别： 男 年龄： 51岁 科别： 消化内分泌科 床号： 1 病案号： 016943 第[%pageindex%]页 记录时间： 2022-12-22 10:55:28 日常病程记录 姓名：党新录 ，性别：女，年龄：61岁。 入院日期：2022-12-13 12:12:10 主诉：1.重症肌无力，眼肌型 2.慢性乙型病毒性肝炎 查体： 诊断评估：重症肌无力，眼肌型 诊疗计划：1.给予内科二级护理2.给予美罗西林舒巴坦那、甲硝唑、左氧佛沙星抗感染，3.完善各项辅助检查，以协助治疗。同意出院 体格检查： T：36.5 ℃ P:20次/分 R:20次/分 BP:120/80 mmHg 生命征： 身高 166cm 体重 66kg 体表面积 m2 KPS评分 40 分 发育正力型，营养良好，慢性面容，安静表情，自主体位，神志清醒，检查合作 今日 医师签名： 主刀王辉 签名日期：2022-12-13 12:12:10",
        "hospital": "415801168",
        "tmpl_type": "txt",
        "multi_task": true,
        "record_type": null,
        "extract_title": true,
        "load_latest_config": false
            }
}
