{
    "code": 0,
    "data": {
        "sample_rate": null,
        "sample_count": null,
        "result": {
            "record_type": "case_info",
            "record_title": "病程记录",
            "record_date": null,
            "doctor_titles": "",
            "norm_result": {
                "record_date": [
                    {
                        "key": "记录时间：",
                        "value": "2022-12-22 10:55:28"
                    }
                ],
                "patient_name": [
                    {
                        "key": "姓名：",
                        "value": ""
                    },
                    {
                        "key": "姓名：",
                        "value": ""
                    }
                ],
                "age": [
                    {
                        "key": "年龄：",
                        "value": "51岁"
                    },
                    {
                        "key": "年龄：",
                        "value": "61岁。"
                    }
                ],
                "admit_date": [
                    {
                        "key": "入院日期：",
                        "value": "2022-12-13 12:12:10"
                    }
                ],
                "gender_name": [
                    {
                        "key": "性别：",
                        "value": "男"
                    },
                    {
                        "key": "性别：",
                        "value": "女，"
                    }
                ],
                "bed_no": [
                    {
                        "key": "床号：",
                        "value": "1"
                    }
                ],
                "record_dept_name": [],
                "case_no": [
                    {
                        "key": "病案号：",
                        "value": "016943 第[%pageindex%]页"
                    }
                ],
                "subjective": [
                    {
                        "key": "主诉：",
                        "value": "1.重症肌无力，眼肌型 2.慢性乙型病毒性肝炎"
                    }
                ],
                "objective": [
                    {
                        "key": "查体：",
                        "value": ""
                    }
                ],
                "assessment": [
                    {
                        "key": "诊断评估：",
                        "value": "重症肌无力，眼肌型"
                    }
                ],
                "plan": [
                    {
                        "key": "诊疗计划：",
                        "value": "1.给予内科二级护理2.给予美罗西林舒巴坦那、甲硝唑、左氧佛沙星抗感染，3.完善各项辅助检查，以协助治疗。同意出院"
                    }
                ],
                "doctor_sign": [
                    {
                        "key": "医师签名：",
                        "value": "主刀王辉"
                    }
                ],
                "sign_date": [
                    {
                        "key": "签名日期：",
                        "value": "2022-12-13 12:12:10"
                    }
                ],
                "recorder_name": [],
                "other": [
                    {
                        "key": "病程记录",
                        "value": ""
                    },
                    {
                        "key": "党新录",
                        "value": ""
                    },
                    {
                        "key": "科别：",
                        "value": "消化内分泌科"
                    },
                    {
                        "key": "日常病程记录",
                        "value": ""
                    },
                    {
                        "key": "党新录",
                        "value": "，"
                    }
                ],
                "physical_exam": [
                    {
                        "key": "体格检查：",
                        "value": "T：36.5 ℃ P:20次/分 R:20次/分 BP:120/80 mmHg 生命征： 身高 166cm 体重 66kg 体表面积 m2 KPS评分 40 分 发育正力型，营养良好，慢性面容，安静表情，自主体位，神志清醒，检查合作 今日"
                    }
                ],
                "key_metrics": [
                    {
                        "key": "T",
                        "value": "36.5℃"
                    },
                    {
                        "key": "P",
                        "value": "20次/分"
                    },
                    {
                        "key": "R",
                        "value": "20次/分"
                    },
                    {
                        "key": "BP",
                        "value": "120/80mmHg"
                    }
                ],
                "roles": [
                    {
                        "key": "nonkey",
                        "value": ""
                    }
                ]
            },
            "norm_res_sub_seg": {},
            "raw_seg": [
                [
                    "nonkey_contents:",
                    "斯普德演示医院 "
                ],
                [
                    "病程记录",
                    ""
                ],
                [
                    "姓名：",
                    ""
                ],
                [
                    "党新录",
                    ""
                ],
                [
                    "性别：",
                    "男"
                ],
                [
                    "年龄：",
                    "51岁"
                ],
                [
                    "科别：",
                    "消化内分泌科"
                ],
                [
                    "床号：",
                    "1"
                ],
                [
                    "病案号：",
                    "016943 第[%pageindex%]页"
                ],
                [
                    "记录时间：",
                    "2022-12-22 10:55:28"
                ],
                [
                    "日常病程记录",
                    ""
                ],
                [
                    "姓名：",
                    ""
                ],
                [
                    "党新录",
                    "，"
                ],
                [
                    "性别：",
                    "女，"
                ],
                [
                    "年龄：",
                    "61岁。"
                ],
                [
                    "入院日期：",
                    "2022-12-13 12:12:10"
                ],
                [
                    "主诉：",
                    "1.重症肌无力，眼肌型 2.慢性乙型病毒性肝炎"
                ],
                [
                    "查体：",
                    ""
                ],
                [
                    "诊断评估：",
                    "重症肌无力，眼肌型"
                ],
                [
                    "诊疗计划：",
                    "1.给予内科二级护理2.给予美罗西林舒巴坦那、甲硝唑、左氧佛沙星抗感染，3.完善各项辅助检查，以协助治疗。同意出院"
                ],
                [
                    "体格检查：",
                    "T：36.5 ℃ P:20次/分 R:20次/分 BP:120/80 mmHg 生命征： 身高 166cm 体重 66kg 体表面积 m2 KPS评分 40 分 发育正力型，营养良好，慢性面容，安静表情，自主体位，神志清醒，检查合作 今日"
                ],
                [
                    "医师签名：",
                    "主刀王辉"
                ],
                [
                    "签名日期：",
                    "2022-12-13 12:12:10"
                ]
            ],
            "msg": "ok",
            "code": 0
        }
    }
}
