{"data": {
    "result": {
        "msg": "ok",
        "record_date": null,
        "code": "0",
        "record_title": "出院记录",
        "doctor_titles": "",
        "norm_result": {
            "admit_date": [{
                "value": "2022年12月13日14:01",
                "key": "入院时间："
            }],
            "case_no": [{
                "value": "016943",
                "key": "病案号："
            }],
            "other": [
                {
                    "value": "",
                    "key": "党新录"
                },
                {
                    "value": "职员",
                    "key": "职业："
                },
                {
                    "value": "消化内分泌科",
                    "key": "科别："
                },
                {
                    "value": "王辉",
                    "key": "主治医师："
                }
            ],
            "doctor_sign": [{
                "value": "王辉",
                "key": "住院医师："
            }],
            "discharge_date": [{
                "value": "2022年12月29日13:17",
                "key": "出院时间："
            }],
            "admit_diag_name": [{
                "value": "1.重症肌无力(眼肌型)",
                "key": "入院诊断："
            }],
            "type": [{
                "value": "（一式两份，一份给病人或者监护人、一份入病案室）",
                "key": "出院记录"
            }],
            "gender_name": [{
                "value": "女",
                "key": "性别："
            }],
            "hospital_stay": [{
                "value": "15天",
                "key": "住院天数:"
            }],
            "discharge_wm_diag_name": [{
                "value": "重症肌无力(眼肌型)",
                "key": "出院诊断："
            }],
            "discharge_situation": [{
                "value": "随时复查",
                "key": "出院情况："
            }],
            "patient_name": [{
                "value": "",
                "key": "姓名："
            }],
            "admit_situation": [
                {
                    "value": "患者以\u201c1.重症肌无力，眼肌型2.慢性乙型病毒性肝炎\u201d入院，入院症状：入院症状",
                    "key": "入院情况："
                },
                {
                    "value": "体温36.3℃脉搏79次/分呼吸20次/分血压133/73mmHg，心肺腹未见明显异常。神经系统查体：双眼眼裂变小，左眼明显，疲劳试验阳性。",
                    "key": "查体："
                },
                {
                    "value": "心电图：窦性心律。",
                    "key": "辅助检查:"
                }
            ],
            "age": [{
                "value": "51岁",
                "key": "年龄："
            }],
            "datreat_process_desc": [{
                "value": "1.神经内科常规护理，一级护理，普通饮食；2.完善完善三大常规、凝血功能、生化全项、同型半胱氨酸、甲功全套、肿瘤标志物、自身免疫全套、心脏彩超、颈部血管B超、肌电图、磁共振、重症肌无力相关抗体等检查；3.待相关检查完善后给予治疗；",
                "key": "诊疗经过："
            }],
            "discharge_order": [{
                "value": "",
                "key": "出院医嘱："
            }]
        },
        "recordType": "discharge_info",
        "normResSubSeg": {},
        "raw_seg": [
            [
                "出院记录",
                "（一式两份，一份给病人或者监护人、一份入病案室）"
            ],
            [
                "病案号：",
                "016943"
            ],
            [
                "姓名：",
                ""
            ],
            [
                "党新录",
                ""
            ],
            [
                "性别：",
                "女"
            ],
            [
                "年龄：",
                "51岁"
            ],
            [
                "职业：",
                "职员"
            ],
            [
                "科别：",
                "消化内分泌科"
            ],
            [
                "入院时间：",
                "2022年12月13日14:01"
            ],
            [
                "出院时间：",
                "2022年12月29日13:17"
            ],
            [
                "住院天数:",
                "15天"
            ],
            [
                "入院情况：",
                "患者以\u201c1.重症肌无力，眼肌型2.慢性乙型病毒性肝炎\u201d入院，入院症状：入院症状"
            ],
            [
                "查体：",
                "体温36.3℃脉搏79次/分呼吸20次/分血压133/73mmHg，心肺腹未见明显异常。神经系统查体：双眼眼裂变小，左眼明显，疲劳试验阳性。"
            ],
            [
                "辅助检查:",
                "心电图：窦性心律。"
            ],
            [
                "入院诊断：",
                "1.重症肌无力(眼肌型)"
            ],
            [
                "诊疗经过：",
                "1.神经内科常规护理，一级护理，普通饮食；2.完善完善三大常规、凝血功能、生化全项、同型半胱氨酸、甲功全套、肿瘤标志物、自身免疫全套、心脏彩超、颈部血管B超、肌电图、磁共振、重症肌无力相关抗体等检查；3.待相关检查完善后给予治疗；"
            ],
            [
                "出院诊断：",
                "重症肌无力(眼肌型)"
            ],
            [
                "出院情况：",
                "随时复查"
            ],
            [
                "出院医嘱：",
                ""
            ],
            [
                "主治医师：",
                "王辉"
            ],
            [
                "住院医师：",
                "王辉"
            ]
        ]
    },
    "sample_rate": null,
    "sample_count": null
}}