{"data": {
    "result": {
        "msg": "ok",
        "record_date": null,
        "code": "0",
        "record_title": "病程记录",
        "doctor_titles": "",
        "norm_result": {
            "assessment": [{
                "value": "",
                "key": "nonkey"
            }],
            "other": [
                {
                    "value": "",
                    "key": "病程记录"
                },
                {
                    "value": "",
                    "key": "党新录"
                },
                {
                    "value": "消化内分泌科",
                    "key": "科别："
                }
            ],
            "case_no": [{
                "value": "016943",
                "key": "病案号："
            }],
            "key_metrics": [
                {
                    "value": "",
                    "key": "T"
                },
                {
                    "value": "",
                    "key": "P"
                },
                {
                    "value": "",
                    "key": "R"
                },
                {
                    "value": "",
                    "key": "BP"
                }
            ],
            "subjective": [{
                "value": "党新录性别：女年龄：51岁科别：消化内分泌科床号：1病案号：016943第[%pageindex%]页2022-12-2813:26:16今日查房，患者一般情况可，体格检查:T：36.5℃精神好可差，咽充血稍充血无充血，扁桃体无肿大Ⅰ°肿大Ⅱ°肿大Ⅲ°肿大，颈软强直无抵抗有抵抗，颈淋巴结未触及肿大，双肺叩诊呈清音[浊音][实音][鼓音][过清音]，两肺左肺右肺呼吸音粗稍粗低，可闻及未闻及干、湿性啰音湿啰音干啰音响亮性湿啰音非响亮性湿啰音粗湿啰音中湿啰音细湿啰音捻发音吸气早期湿啰音吸气后期湿啰音高调干啰音低调干啰音弥漫性干啰音局限性干啰音",
                "key": "nonkey"
            }],
            "bed_no": [{
                "value": "1",
                "key": "床号："
            }],
            "roles": [{
                "value": "",
                "key": "nonkey"
            }],
            "patient_name": [{
                "value": "",
                "key": "姓名："
            }],
            "plan": [{
                "value": "",
                "key": "nonkey"
            }],
            "age": [{
                "value": "51岁",
                "key": "年龄："
            }],
            "gender_name": [{
                "value": "女",
                "key": "性别："
            }],
            "objective": [{
                "value": "T：36.5℃精神好可差，咽充血稍充血无充血，扁桃体无肿大Ⅰ°肿大Ⅱ°肿大Ⅲ°肿大，颈软强直无抵抗有抵抗，颈淋巴结未触及肿大，双肺叩诊呈清音[浊音][实音][鼓音][过清音]，两肺左肺右肺呼吸音粗稍粗低，可闻及未闻及干、湿性啰音湿啰音干啰音响亮性湿啰音非响亮性湿啰音粗湿啰音中湿啰音细湿啰音捻发音吸气早期湿啰音吸气后期湿啰音高调干啰音低调干啰音弥漫性干啰音局限性干啰音；心音有力，心率80次/分，律齐不齐绝对不齐，心脏各瓣膜听诊区未闻及杂音[心脏杂音]。腹平坦膨隆凹陷，未见胃肠型及蠕动波，腹软紧，压痛反跳痛肌紧张，肝脏未触及触及，肋下{几}cm触及，剑突下{几}cm，脾脏未触及触及，肋下{几}cm，肠鸣音正常亢进减弱消失。余查体未见异常,患儿已痊愈，经上级医师指示今日出院。王辉",
                "key": "体格检查:"
            }]
        },
        "recordType": "case_info",
        "normResSubSeg": {},
        "raw_seg": [
            [
                "病程记录",
                ""
            ],
            [
                "姓名：",
                ""
            ],
            [
                "党新录",
                ""
            ],
            [
                "性别：",
                "女"
            ],
            [
                "年龄：",
                "51岁"
            ],
            [
                "科别：",
                "消化内分泌科"
            ],
            [
                "床号：",
                "1"
            ],
            [
                "病案号：",
                "016943"
            ],
            [
                "体格检查:",
                "T：36.5℃精神好可差，咽充血稍充血无充血，扁桃体无肿大Ⅰ°肿大Ⅱ°肿大Ⅲ°肿大，颈软强直无抵抗有抵抗，颈淋巴结未触及肿大，双肺叩诊呈清音[浊音][实音][鼓音][过清音]，两肺左肺右肺呼吸音粗稍粗低，可闻及未闻及干、湿性啰音湿啰音干啰音响亮性湿啰音非响亮性湿啰音粗湿啰音中湿啰音细湿啰音捻发音吸气早期湿啰音吸气后期湿啰音高调干啰音低调干啰音弥漫性干啰音局限性干啰音；心音有力，心率80次/分，律齐不齐绝对不齐，心脏各瓣膜听诊区未闻及杂音[心脏杂音]。腹平坦膨隆凹陷，未见胃肠型及蠕动波，腹软紧，压痛反跳痛肌紧张，肝脏未触及触及，肋下{几}cm触及，剑突下{几}cm，脾脏未触及触及，肋下{几}cm，肠鸣音正常亢进减弱消失。余查体未见异常,患儿已痊愈，经上级医师指示今日出院。王辉"
            ]
        ]
    },
    "sample_rate": null,
    "sample_count": null
}}