{
    "code": 0,
    "data": {
        "sample_rate": null,
        "sample_count": null,
        "result": {
            "record_type": "postoperative_first_case_info",
            "record_title": "术后首次病程记录",
            "record_date": null,
            "norm_result": {
                "record_date": [],
                "patient_name": [
                    {
                        "value": "",
                        "key": "姓名："
                    }
                ],
                "age": [
                    {
                        "value": "51岁",
                        "key": "年龄："
                    }
                ],
                "gender_name": [
                    {
                        "value": "男",
                        "key": "性别："
                    }
                ],
                "bed_no": [],
                "record_dept_name": [],
                "case_no": [
                    {
                        "value": "016943第[%pageindex%]页",
                        "key": "病案号："
                    }
                ],
                "admit_date": [
                    {
                        "value": "2022-12-13 12:12:12",
                        "key": "入院时间："
                    }
                ],
                "death_time": [
                    {
                        "value": "2022-12-28 12:12:12",
                        "key": "死亡时间："
                    }
                ],
                "admit_situation": [
                    {
                        "value": "患者因“ 尿频、尿急3天发热1天加重伴血尿7小时”入院。",
                        "key": "入院情况："
                    }
                ],
                "admit_diag_name": [
                    {
                        "value": "1.重症肌无力(眼肌型) \u00042.慢性乙型病毒性肝炎",
                        "key": "入院诊断："
                    }
                ],
                "datreat_process_desc": [
                    {
                        "value": "手术治疗、日常治疗",
                        "key": "诊疗经过："
                    }
                ],
                "death_reason_name": [
                    {
                        "value": "病情恶化",
                        "key": "死亡原因："
                    }
                ],
                "death_diag_name": [
                    {
                        "value": "心脏骤停",
                        "key": "死亡诊断："
                    }
                ],
                "doctor_sign": [
                    {
                        "value": "王辉",
                        "key": "医师签字："
                    }
                ],
                "sign_date": [
                    {
                        "value": "2022-12-28",
                        "key": "签字日期："
                    }
                ],
                "recorder_name": [],
                "other": [
                    {
                        "value": "",
                        "key": "党新录"
                    },
                    {
                        "value": "职员",
                        "key": "职业："
                    },
                    {
                        "value": "消化内分泌科",
                        "key": "科别："
                    }
                ]
            },
            "norm_res_sub_seg": {},
            "raw_seg": [
                [
                    "",
                    "斯普德演示医院死亡记录（一式两份，一份给病人或者监护人、一份入病案室）"
                ],
                [
                    "病案号：",
                    "016943第[%pageindex%]页"
                ],
                [
                    "姓名：",
                    ""
                ],
                [
                    "党新录",
                    ""
                ],
                [
                    "性别：",
                    "男"
                ],
                [
                    "年龄：",
                    "51岁"
                ],
                [
                    "职业：",
                    "职员"
                ],
                [
                    "科别：",
                    "消化内分泌科"
                ],
                [
                    "入院时间：",
                    "2022-12-13 12:12:12"
                ],
                [
                    "死亡时间：",
                    "2022-12-28 12:12:12"
                ],
                [
                    "入院情况：",
                    "患者因“ 尿频、尿急3天发热1天加重伴血尿7小时”入院。"
                ],
                [
                    "入院诊断：",
                    "1.重症肌无力(眼肌型) \u00042.慢性乙型病毒性肝炎"
                ],
                [
                    "诊疗经过：",
                    "手术治疗、日常治疗"
                ],
                [
                    "死亡时间：",
                    "2022-12-28 12:12:12"
                ],
                [
                    "死亡原因：",
                    "病情恶化"
                ],
                [
                    "死亡诊断：",
                    "心脏骤停"
                ],
                [
                    "医师签字：",
                    "王辉"
                ],
                [
                    "签字日期：",
                    "2022-12-28"
                ]
            ],
            "msg": "ok",
            "code": 0
        }
    }
}