{
     "args": {
        "content": "斯普德演示医院死亡记录（一式两份，一份给病人或者监护人、一份入病案室）                    病案号：016943第[%pageindex%]页姓名：党新录      性别：男      年龄：51岁      职业：职员      科别：消化内分泌科 入院时间：2022-12-13 12:12:12死亡时间：2022-12-28 12:12:12\t入院情况：患者因“ 尿频、尿急3天发热1天加重伴血尿7小时”入院。\t入院诊断：1.重症肌无力(眼肌型) \u00042.慢性乙型病毒性肝炎 \t诊疗经过：手术治疗、日常治疗\t死亡时间：2022-12-28 12:12:12\t死亡原因：病情恶化\t死亡诊断：心脏骤停\t\t\t\t\t\t\t\t\t\t\t\t\t\t\t\t\t\t医师签字： 王辉                                                           签字日期：2022-12-28",
        "hospital": "415801168",
        "tmpl_type": "txt",
        "multi_task": true,
        "record_type": null,
        "extract_title": true,
        "load_latest_config": false
             }
    }
