{
    "code": 0,
    "data": {
      "sample_rate": null,
      "sample_count": null,
      "result": {
        "record_type": "death_info",
        "record_title": null,
        "record_date": null,
        "norm_result": {
          "record_date": [],
          "patient_name": [
            {
              "key": "姓名：",
              "value": ""
            }
          ],
          "age": [
            {
              "key": "年龄：",
              "value": "51岁"
            }
          ],
          "gender_name": [
            {
              "key": "性别：",
              "value": "男"
            }
          ],
          "bed_no": [],
          "record_dept_name": [],
          "case_no": [
            {
              "key": "病案号：",
              "value": "016943第[%pageindex%]页"
            }
          ],
          "admit_date": [
            {
              "key": "入院时间：",
              "value": "2022-12-13 12:12:12"
            }
          ],
          "death_time": [
            {
              "key": "死亡时间：",
              "value": "2022-12-28 12:12:12"
            },
            {
              "key": "死亡时间：",
              "value": "2022-12-28 12:12:12"
            }
          ],
          "admit_situation": [
            {
              "key": "入院情况：",
              "value": "患者因“ 尿频、尿急3天发热1天加重伴血尿7小时”入院。"
            }
          ],
          "admit_diag_name": [
            {
              "key": "入院诊断：",
              "value": "1.重症肌无力(眼肌型) \u00042.慢性乙型病毒性肝炎"
            }
          ],
          "datreat_process_desc": [
            {
              "key": "诊疗经过：",
              "value": "手术治疗、日常治疗"
            }
          ],
          "death_reason_name": [
            {
              "key": "死亡原因：",
              "value": "病情恶化"
            }
          ],
          "death_diag_name": [
            {
              "key": "死亡诊断：",
              "value": "心脏骤停"
            }
          ],
          "doctor_sign": [
            {
              "key": "医师签字：",
              "value": "王辉"
            }
          ],
          "sign_date": [
            {
              "key": "签字日期：",
              "value": "2022-12-28"
            }
          ],
          "recorder_name": [],
          "other": [
            {
              "key": "党新录",
              "value": ""
            },
            {
              "key": "职业：",
              "value": "职员"
            },
            {
              "key": "科别：",
              "value": "消化内分泌科"
            }
          ]
        },
        "norm_res_sub_seg": {},
        "raw_seg": [
          [
            "nonkey_contents:",
            "斯普德演示医院死亡记录（一式两份，一份给病人或者监护人、一份入病案室） "
          ],
          [
            "病案号：",
            "016943第[%pageindex%]页"
          ],
          [
            "姓名：",
            ""
          ],
          [
            "党新录",
            ""
          ],
          [
            "性别：",
            "男"
          ],
          [
            "年龄：",
            "51岁"
          ],
          [
            "职业：",
            "职员"
          ],
          [
            "科别：",
            "消化内分泌科"
          ],
          [
            "入院时间：",
            "2022-12-13 12:12:12"
          ],
          [
            "死亡时间：",
            "2022-12-28 12:12:12"
          ],
          [
            "入院情况：",
            "患者因“ 尿频、尿急3天发热1天加重伴血尿7小时”入院。"
          ],
          [
            "入院诊断：",
            "1.重症肌无力(眼肌型) \u00042.慢性乙型病毒性肝炎"
          ],
          [
            "诊疗经过：",
            "手术治疗、日常治疗"
          ],
          [
            "死亡时间：",
            "2022-12-28 12:12:12"
          ],
          [
            "死亡原因：",
            "病情恶化"
          ],
          [
            "死亡诊断：",
            "心脏骤停"
          ],
          [
            "医师签字：",
            "王辉"
          ],
          [
            "签字日期：",
            "2022-12-28"
          ]
        ],
        "msg": "ok",
        "code": 0
      }
    }
  }
  