{"data": {
    "result": {
        "msg": "ok",
        "record_date": null,
        "code": "0",
        "record_title": "手术记录",
        "doctor_titles": "",
        "norm_result": {
            "surgeon_name": [{
                "value": "术者：",
                "key": "术者："
            }],
            "other": [
                {
                    "value": "",
                    "key": "手术记录"
                },
                {
                    "value": "",
                    "key": "党新录"
                },
                {
                    "value": "消化内分泌科",
                    "key": "科别："
                },
                {
                    "value": "ASAP2级",
                    "key": "麻醉分级："
                },
                {
                    "value": "左眼",
                    "key": "手术部位："
                }
            ],
            "case_no": [{
                "value": "016943",
                "key": "病案号："
            }],
            "operation_incision_level": [{
                "value": "：I/甲",
                "key": "切口等级"
            }],
            "anesthesia_doctor_name": [{
                "value": "王一",
                "key": "麻醉医师："
            }],
            "operator_assistant_name1": [{
                "value": "助手：",
                "key": "助手："
            }],
            "bed_no": [{
                "value": "1",
                "key": "床号："
            }],
            "anesthetic_method_name": [{
                "value": "局麻",
                "key": "麻醉方法："
            }],
            "operation_date": [{
                "value": ":2022-12-2215:00:00",
                "key": "手术日期："
            }],
            "process_doctor_sign": [{
                "value": "王心刚签名日期：2022年12月28日",
                "key": "医师签名："
            }],
            "gender_name": [{
                "value": "男",
                "key": "性别："
            }],
            "operation_name": [{
                "value": "眶切开活检术",
                "key": "手术名称："
            }],
            "preoperative_diag_name": [{
                "value": "重症肌无力，眼肌型",
                "key": "术前诊断："
            }],
            "surgery_process_desc": [{
                "value": "重症肌无力，眼肌型患者取平卧位,双侧腹股沟消毒,范围上界平脐,下界平股骨中段,两侧为腋中线,铺开刀巾及无菌大单。取右侧腹股沟皮肤皱褶下1.5cm为皮肤穿刺点,18G穿刺针穿刺股动脉成功后导入穿刺导丝,经导丝置入5F血管鞘,肝素生理盐水冲洗鞘管后经静脉给予肝素2000单位。透视下经导丝引导猪尾导管置于升主动脉,撤导丝后导管接高压注射器,行主动脉弓造影,造影剂量25ml,流速20ml/s,压力800atm。肝素生理盐水冲洗后撤猪尾导管。透视下经导丝引单弯导管置于升主动脉,导管头端翘起,缓慢回撤导管,依次行右椎动脉、右侧颈动脉、左椎动脉、左侧颈动脉造影,手术顺利。手术后结果提示:脑血管未见明显异常,左椎动脉为后循环优势供血。常规血管闭合术,术中出血约10ml,患者无任何不适,术毕安返病房。",
                "key": "手术经过、术中出现情况及处理："
            }],
            "operation_level_name": [{
                "value": "2",
                "key": "手术分级："
            }],
            "patient_name": [{
                "value": "",
                "key": "姓名："
            }],
            "age": [{
                "value": "51岁",
                "key": "年龄："
            }],
            "postoperative_diag_name": [{
                "value": "重症肌无力，眼肌型",
                "key": "术后诊断："
            }]
        },
        "recordType": "operation_info",
        "normResSubSeg": {},
        "raw_seg": [
            [
                "手术记录",
                ""
            ],
            [
                "姓名：",
                ""
            ],
            [
                "党新录",
                ""
            ],
            [
                "性别：",
                "男"
            ],
            [
                "年龄：",
                "51岁"
            ],
            [
                "科别：",
                "消化内分泌科"
            ],
            [
                "床号：",
                "1"
            ],
            [
                "病案号：",
                "016943"
            ],
            [
                "手术日期：",
                ":2022-12-2215:00:00"
            ],
            [
                "术前诊断：",
                "重症肌无力，眼肌型"
            ],
            [
                "术后诊断：",
                "重症肌无力，眼肌型"
            ],
            [
                "手术名称：",
                "眶切开活检术"
            ],
            [
                "麻醉分级：",
                "ASAP2级"
            ],
            [
                "手术分级：",
                "2"
            ],
            [
                "手术部位：",
                "左眼"
            ],
            [
                "切口等级",
                "：I/甲"
            ],
            [
                "术者：",
                "术者："
            ],
            [
                "助手：",
                "助手："
            ],
            [
                "麻醉方法：",
                "局麻"
            ],
            [
                "麻醉医师：",
                "王一"
            ],
            [
                "手术经过、术中出现情况及处理：",
                "重症肌无力，眼肌型患者取平卧位,双侧腹股沟消毒,范围上界平脐,下界平股骨中段,两侧为腋中线,铺开刀巾及无菌大单。取右侧腹股沟皮肤皱褶下1.5cm为皮肤穿刺点,18G穿刺针穿刺股动脉成功后导入穿刺导丝,经导丝置入5F血管鞘,肝素生理盐水冲洗鞘管后经静脉给予肝素2000单位。透视下经导丝引导猪尾导管置于升主动脉,撤导丝后导管接高压注射器,行主动脉弓造影,造影剂量25ml,流速20ml/s,压力800atm。肝素生理盐水冲洗后撤猪尾导管。透视下经导丝引单弯导管置于升主动脉,导管头端翘起,缓慢回撤导管,依次行右椎动脉、右侧颈动脉、左椎动脉、左侧颈动脉造影,手术顺利。手术后结果提示:脑血管未见明显异常,左椎动脉为后循环优势供血。常规血管闭合术,术中出血约10ml,患者无任何不适,术毕安返病房。"
            ],
            [
                "医师签名：",
                "王心刚签名日期：2022年12月28日"
            ]
        ]
    },
    "sample_rate": null,
    "sample_count": null
}}