{
    "args": {
        "content": "斯普德演示医院 病程记录 姓名： 党新录 性别： 女 年龄： 51岁 科别： 消化内分泌科 床号： 1 病案号： 016943 第[%pageindex%]页 2022-12-28 13:26:16 今日查房， 患者一般情况 可 ， 体格检查 : T ： 36.5 ℃ 精神 好 可 差 ，咽 充血 稍充血 无充血 ，扁桃体 无肿大 Ⅰ°肿大 Ⅱ°肿大 Ⅲ°肿大 ，颈 软 强直 无抵抗 有抵抗 ，颈淋巴结未触及肿大， 双肺叩诊呈 清音 [浊音] [实音] [鼓音] [过清音] ， 两肺 左肺 右肺 呼吸音 粗 稍粗 低 ， 可闻及 未闻及 干、湿性啰音 湿啰音 干啰音 响亮性湿啰音 非响亮性湿啰音 粗湿啰音 中湿啰音 细湿啰音 捻发音 吸气早期湿啰音 吸气后期湿啰音 高调干啰音 低调干啰音 弥漫性干啰音 局限性干啰音 ； 心音有力，心率 80 次/分，律 齐 不齐 绝对不齐 ，心脏 各瓣膜听诊区未闻及杂音 [心脏杂音] 。 腹 平坦 膨隆 凹陷 ，未见胃肠型及蠕动波，腹 软 紧 ， 压痛 反跳痛 肌紧张 ，肝脏 未触及 触及，肋下{几}cm 触及，剑突下{几}cm ，脾脏 未触及 触及，肋下{几} cm ，肠鸣音 正常 亢进 减弱 消失 。余查体未见异常,患儿已痊愈，经上级医师指示今日出院。 王辉",
        "hospital": "415801168",
        "tmpl_type": "txt",
        "multi_task": true,
        "record_type": null,
        "extract_title": true,
        "load_latest_config": false
            }
}
