{
    "args": {
        "content": "斯普德演示医院 出院记录 （一式两份，一份给病人或者监护人、一份入病案室） 病案号： 016943 第[%pageindex%]页 姓名： 党新录 性别 ： 女 年龄 ： 51岁 职业 ： 职员 科别 ： 消化内分泌科 入院时间 ： 2022年12月13日 14:01 出院时间 ： 2022年12月29日 13:17 住院天数: 15 天 入院情况 ：患者以“ 1.重症肌无力，眼肌型 2.慢性乙型病毒性肝炎”入院，入院症状：入院症状查体： 体温 36.3℃ 脉搏79 次/分 呼吸 20次/分 血压133/73mmHg，心肺腹未见明显异常。神经系统查体：双眼眼裂变小，左眼明显，疲劳试验阳性。 辅助检查: 心电图：窦性心律。 入院诊断 ：1.重症肌无力(眼肌型) 诊疗经过 ：1.神经内科常规护理，一级护理，普通饮食； 2.完善完善三大常规、凝血功能、生化全项、同型半胱氨酸、甲功全套、肿瘤标志物、自身免疫全套、心脏彩超、颈部血管B超、肌电图、磁共振、重症肌无力相关抗体等检查； 3.待相关检查完善后给予治疗； 出院诊断 ：重症肌无力(眼肌型 ) 出院情况 ：随时复查 出院医嘱 ： 主治医师： 王辉 住院 医师： 王辉",
        "hospital": "415801168",
        "tmpl_type": "txt",
        "multi_task": true,
        "record_type": null,
        "extract_title": true,
        "load_latest_config": false
    }
}
