{
    "code": 0,
    "data": {
        "sample_rate": null,
        "sample_count": null,
        "result": {
            "record_type": "discharge_info",
            "record_title": null,
            "record_date": null,
            "norm_result": {
                "record_date": [],
                "patient_name": [
                    {
                        "key": "姓名：",
                        "value": ""
                    }
                ],
                "age": [
                    {
                        "key": "年龄：",
                        "value": "51岁"
                    }
                ],
                "gender_name": [
                    {
                        "key": "性别：",
                        "value": "男"
                    }
                ],
                "bed_no": [],
                "record_dept_name": [],
                "case_no": [
                    {
                        "key": "病案号：",
                        "value": "016943第[%pageindex%]页"
                    }
                ],
                "admit_date": [
                    {
                        "key": "入院时间：",
                        "value": "2022-12-13 12:00:00"
                    }
                ],
                "discharge_date": [
                    {
                        "key": "出院时间：",
                        "value": "2022年12月29日 13:17"
                    }
                ],
                "chief_diagnostician": [
                    {
                        "key": "主治医师：",
                        "value": "王辉"
                    }
                ],
                "admit_dept_name": [],
                "discharge_dept_name": [],
                "admit_diag_name": [
                    {
                        "key": "入院诊断：",
                        "value": "1.重症肌无力(股肌型)"
                    }
                ],
                "discharge_wm_diag_name": [
                    {
                        "key": "出院诊断：",
                        "value": ""
                    }
                ],
                "hospital_stay": [
                    {
                        "key": "住院天数:",
                        "value": "15天"
                    }
                ],
                "admit_reason": [],
                "admit_situation": [
                    {
                        "key": "入院情况：",
                        "value": "患者以“ 1.重症肌无力，眼肌型 2.慢性乙型病毒性肝炎”入院，入院症状："
                    },
                    {
                        "key": "入院症状查体：",
                        "value": "体温 36.3℃ 脉搏79 次/分 呼吸 20次/分 血压133/73mmHg，心肺腹未见明显异常。神经系统"
                    },
                    {
                        "key": "查体：",
                        "value": "双眼眼裂变小，左眼明显，疲劳试验阳性。"
                    },
                    {
                        "key": "辅助检查:",
                        "value": "心电图：窦性心律。"
                    }
                ],
                "datreat_process_desc": [
                    {
                        "key": "诊疗经过：",
                        "value": "1.神经内科常规护理，一级护理，普通饮食； 2.完善完善三大常规、凝血功能、生化全项、同型半胱氨酸、甲功全套、肿瘤标志物、自身免疫全套、心脏彩超、颈部血管B超、肌电图、磁共振、重症肌无力相关抗体等检查； 3.待相关检查完善后给予治疗；"
                    }
                ],
                "discharge_situation": [
                    {
                        "key": "出院情况：",
                        "value": "随时复查"
                    }
                ],
                "discharge_way_name": [],
                "revisit_guide": [],
                "discharge_with_drug": [],
                "drug_guide": [],
                "rehabilitation_guide": [],
                "guide_other_desc": [],
                "diet_guide": [],
                "discharge_order": [
                    {
                        "key": "出院医嘱：",
                        "value": ""
                    }
                ],
                "discharge_attention": [],
                "informed_agree_content": [],
                "resp_nurse_name": [],
                "doctor_sign": [
                    {
                        "key": "住院医师：",
                        "value": "王辉"
                    }
                ],
                "sign_date": [],
                "recorder_name": [],
                "other": [
                    {
                        "key": "出院记录",
                        "value": "（一式两份，一份给病人或者监护人、一份入病案室）"
                    },
                    {
                        "key": "职业：",
                        "value": "职员"
                    },
                    {
                        "key": "科别：",
                        "value": "消化内分泌科"
                    }
                ]
            },
            "norm_res_sub_seg": {},
            "raw_seg": [
                [
                    "nonkey_contents:",
                    "斯普德演示医院"
                ],
                [
                    "出院记录",
                    "（一式两份，一份给病人或者监护人、一份入病案室）"
                ],
                [
                    "病案号：",
                    "016943第[%pageindex%]页"
                ],
                [
                    "姓名：",
                    ""
                ],
                [
                    "性别：",
                    "男"
                ],
                [
                    "年龄：",
                    "51岁"
                ],
                [
                    "职业：",
                    "职员"
                ],
                [
                    "科别：",
                    "消化内分泌科"
                ],
                [
                    "入院时间：",
                    "2022-12-13 12:00:00"
                ],
                [
                    "出院时间：",
                    "2022年12月29日 13:17"
                ],
                [
                    "住院天数:",
                    "15天"
                ],
                [
                    "入院情况：",
                    "患者以“ 1.重症肌无力，眼肌型 2.慢性乙型病毒性肝炎”入院，入院症状："
                ],
                [
                    "入院症状查体：",
                    "体温 36.3℃ 脉搏79 次/分 呼吸 20次/分 血压133/73mmHg，心肺腹未见明显异常。神经系统"
                ],
                [
                    "查体：",
                    "双眼眼裂变小，左眼明显，疲劳试验阳性。"
                ],
                [
                    "辅助检查:",
                    "心电图：窦性心律。"
                ],
                [
                    "入院诊断：",
                    "1.重症肌无力(股肌型)"
                ],
                [
                    "诊疗经过：",
                    "1.神经内科常规护理，一级护理，普通饮食； 2.完善完善三大常规、凝血功能、生化全项、同型半胱氨酸、甲功全套、肿瘤标志物、自身免疫全套、心脏彩超、颈部血管B超、肌电图、磁共振、重症肌无力相关抗体等检查； 3.待相关检查完善后给予治疗；"
                ],
                [
                    "出院诊断：",
                    ""
                ],
                [
                    "出院情况：",
                    "随时复查"
                ],
                [
                    "出院医嘱：",
                    ""
                ],
                [
                    "主治医师：",
                    "王辉"
                ],
                [
                    "住院医师：",
                    "王辉"
                ]
            ],
            "msg": "ok",
            "code": 0
        }
    }
}