{
    "args": {
        "content": "斯普德演示医院病程记录姓名：党新录    性别：男    年龄：51岁    科别：消化内分泌科    床号：1    病案号：016943第[%pageindex%]页首次病程记录2022-12-21 13:12:13             \t姓名：党新录 男性，51岁，已婚未婚，汉族,农民，城关靳庄,主因主诉 尿频、尿急3天发热1天加重伴血尿7小时于2022-12-13 12:00:00入院。病例特点：　　1.患者为老年中年青年男性。\t2.现病史 与入院前3天患者无明显诱因出现尿急、尿频，一天数次，无尿痛，无发热、寒战，未引起重视，未给予药物治疗，与入院前1天患者出现发热，体温在37.5-38.0℃之间，给予退热药物可降至正常，尿急、尿频较前加重，无寒战，无头痛、头晕，无恶心、呕吐，在当地医院给予诺佛沙星0.5日三次口服、扑热息痛0.3日三次口服，体温可降至正常，与入院前7小时，患者无明显诱因出现血尿，呈鲜红色，不易排出，就诊于景县人民医院给予腹部彩超;双肾多发囊肿 前列腺肥大 尿常规：白细胞：+3 蛋白质+2 隐血：+2 ，为治疗收住我科。　　3.既往史 既往体健　　4.体格检查: T：39.0 ℃    P:110次/分    R:19次/分    BP:140/110 mmHg\t神志清楚嗜睡模糊昏睡谵妄浅昏迷深昏迷，言语流利蹇涩欠流利，精神好可差，查体合作不合作较合作。双侧瞳孔正大等圆不等，对光反射灵敏迟钝消失。口角不歪左歪右歪，伸舌居中偏左偏右，颈软强直无抵抗有抵抗，胸廓对称桶状胸扁平胸鸡胸漏斗胸佝偻病串珠，无压痛有压痛，双肺叩诊呈清音[浊音][实音][鼓音][过清音]，呼吸音清呼吸音粗异常支气管呼吸音异常支气管肺泡呼吸音异常肺泡呼吸音，可闻及未闻及干、湿性啰音湿啰音干啰音响亮性湿啰音非响亮性湿啰音粗湿啰音中湿啰音细湿啰音捻发音吸气早期湿啰音吸气后期湿啰音高调干啰音低调干啰音弥漫性干啰音局限性干啰音；心前区无隆起心前区隆起，触诊有震颤无震颤，心浊音界正常扩大缩小，心率110次/分，律齐不齐绝对不齐，心脏各瓣膜听诊区未闻及病理性杂音[心脏杂音]。腹软紧，压痛反跳痛肌紧张，肝脏未触及触及，肋下{几}cm触及，剑突下{几}cm，脾脏未触及触及，肋下{几}cm触及，剑突下{几}cm，Murphy征阳性阴性，肝静脉回流征阳性阴性，肠鸣音正常亢进减弱消失，4次/分，双下肢右下肢左下肢无浮肿浮肿，四肢肌力级、肌张力正常增高减弱。神经系统：四肢肌力、肌张力正常，两侧肱二、三头肌反射，跟、膝腱反射存在，Babinski征、Oppenheim征、Gordon征、Hoffmann征等病理反射未引出。    5.辅助检查: 尿常规：白细胞：+3 蛋白质+2 隐血：+2 初步诊断：1.重症肌无力(股肌型)  2.慢性乙型病毒性肝炎诊断依据：1.患者老年男性，既往体健2.主因主诉 尿频、尿急3天发热1天加重伴血尿7小时3.辅助检查: 尿常规：白细胞：+3 蛋白质+2 隐血：+2 鉴别诊断：1.泌尿系肿瘤：患者出现无痛肉眼血尿，腹部超声及泌尿系CT和肿瘤标记物可帮助诊断。2.尿道综合征：又称无菌性尿频一排尿不适综合征，病人间歇或持续出现尿急。尿频，排尿疼痛症状，多为女性。3.隐匿性肾小球肾炎：此病以单纯血尿或单纯性蛋白尿，但这类病人给予相应抗炎治疗后，蛋白尿及红细胞持续存在，必要时给予肾活检给予鉴别。 诊疗计划：1.给予内科二级护理2.给予美罗西林舒巴坦那、甲硝唑、左氧佛沙星抗感染，3.完善各项辅助检查，以协助治疗。王辉",
        "hospital": "415801168",
        "tmpl_type": "txt",
        "multi_task": true,
        "record_type": null,
        "extract_title": true,
        "load_latest_config": false
    }
}