{
    "args": {
        "content": "斯普德演示医院手术记录姓名：党新录      性别：男      年龄：51岁      科别：消化内分泌科      床号：1      病案号：016943第[%pageindex%]页 手术日期：: 2022-12-22 15:00:00 术前诊断：重症肌无力，眼肌型 术后诊断：重症肌无力，眼肌型 手术名称：眶切开活检术 麻醉分级：ASA P2级                                 手术分级：2 手术部位：左眼                                       切口等级：I/甲术      者：王心刚助      手：胡兴胜麻醉方法：局麻麻醉医师：王一手术经过、术中出现情况及处理：重症肌无力，眼肌型患者取平卧位,双侧腹股沟消毒,范围上界平脐,下界平股骨中段,两侧为腋中线,铺开刀巾及无菌大单。取右侧腹股沟皮肤皱褶下1.5cm为皮肤穿刺点,18G穿刺针穿刺股动脉成功后导入穿刺导丝,经导丝置入5F血管鞘,肝素生理盐水冲洗鞘管后经静脉给予肝素2000单位。透视下经导丝引导猪尾导管置于升主动脉,撤导丝后导管接高压注射器,行主动脉弓造影,造影剂量25ml,流速20ml/s,压力800atm。肝素生理盐水冲洗后撤猪尾导管。透视下经导丝引单弯导管置于升主动脉,导管头端翘起,缓慢回撤导管,依次行右椎动脉、右侧颈动脉、左椎动脉、左侧颈动脉造影,手术顺利。手术后结果提示: 脑血管未见明显异常,左椎动脉为后循环优势供血。常规血管闭合术,术中出血约10ml,患者无任何不适,术毕安返病房。\t医师签名：王心刚签名日期：2022年12月28日",
        "hospital": "415801168",
        "tmpl_type": "txt",
        "multi_task": true,
        "record_type": null,
        "extract_title": true,
        "load_latest_config": false
    }
}