{
"args": {
    "content": "斯普德演示医院 病程记录 姓名： 党新录 性别： 女 年龄： 51岁 科别： 消化内分泌科 床号： 1 病案号： 016943 第[%pageindex%]页 术后病程记录 2022-12-23 16:41:30 患者 党新录 ， 女 ， 51岁 ，主因“ 尿频、尿急3天发热1天加重伴血尿7小时 ”。初步诊断“”。入院后完善各项术前常规检查，无手术禁忌症后于 手术日期 去手术室在 麻醉 下行“ 手术 ”。手术顺利，麻醉满意，术后病人安返回病房，给予抗炎，补液治疗，注意生命体征变化。 王辉",
    "hospital": "415801168",
    "tmpl_type": "txt",
    "multi_task": true,
    "record_type": null,
    "extract_title": true,
    "load_latest_config": false
}
    }
